GrLivArea,TotalBsmtSF,GarageArea,GarageCars,YearBuilt,OverallQual,SalePrice
1710.0,856.0,548.0,2.0,2003.0,7.0,208500.0
1262.0,1262.0,460.0,2.0,1976.0,6.0,181500.0
1786.0,920.0,608.0,2.0,2001.0,7.0,223500.0
1717.0,756.0,642.0,3.0,1915.0,7.0,140000.0
2198.0,1145.0,836.0,3.0,2000.0,8.0,250000.0
1362.0,796.0,480.0,2.0,1993.0,5.0,143000.0
1694.0,1686.0,636.0,2.0,2004.0,8.0,307000.0
2090.0,1107.0,484.0,2.0,1973.0,7.0,200000.0
1774.0,952.0,468.0,2.0,1931.0,7.0,129900.0
1077.0,991.0,205.0,1.0,1939.0,5.0,118000.0
1040.0,1040.0,384.0,1.0,1965.0,5.0,129500.0
2324.0,1175.0,736.0,3.0,2005.0,9.0,345000.0
912.0,912.0,352.0,1.0,1962.0,5.0,144000.0
1494.0,1494.0,840.0,3.0,2006.0,7.0,279500.0
1253.0,1253.0,352.0,1.0,1960.0,6.0,157000.0
854.0,832.0,576.0,2.0,1929.0,7.0,132000.0
1004.0,1004.0,480.0,2.0,1970.0,6.0,149000.0
1296.0,0.0,516.0,2.0,1967.0,4.0,90000.0
1114.0,1114.0,576.0,2.0,2004.0,5.0,159000.0
1339.0,1029.0,294.0,1.0,1958.0,5.0,139000.0
2376.0,1158.0,853.0,3.0,2005.0,8.0,325300.0
1108.0,637.0,280.0,1.0,1930.0,7.0,139400.0
1795.0,1777.0,534.0,2.0,2002.0,8.0,230000.0
1060.0,1040.0,572.0,2.0,1976.0,5.0,129900.0
1060.0,1060.0,270.0,1.0,1968.0,5.0,154000.0
1600.0,1566.0,890.0,3.0,2007.0,8.0,256300.0
900.0,900.0,576.0,2.0,1951.0,5.0,134800.0
1704.0,1704.0,772.0,3.0,2007.0,8.0,306000.0
1600.0,1484.0,319.0,1.0,1957.0,5.0,207500.0
520.0,520.0,240.0,1.0,1927.0,4.0,68500.0
1317.0,649.0,250.0,1.0,1920.0,4.0,40000.0
1228.0,1228.0,271.0,1.0,1966.0,5.0,149350.0
1234.0,1234.0,484.0,2.0,2007.0,8.0,179900.0
1700.0,1398.0,447.0,2.0,1959.0,5.0,165500.0
1561.0,1561.0,556.0,2.0,2005.0,9.0,277500.0
2452.0,1117.0,691.0,3.0,2004.0,8.0,309000.0
1097.0,1097.0,672.0,2.0,1994.0,5.0,145000.0
1297.0,1297.0,498.0,2.0,1954.0,5.0,153000.0
1057.0,1057.0,246.0,1.0,1953.0,5.0,109000.0
1152.0,0.0,0.0,0.0,1955.0,4.0,82000.0
1324.0,1088.0,440.0,2.0,1965.0,6.0,160000.0
1328.0,1350.0,308.0,1.0,1959.0,5.0,170000.0
884.0,840.0,504.0,2.0,1983.0,5.0,144000.0
938.0,938.0,308.0,1.0,1975.0,5.0,130250.0
1150.0,1150.0,300.0,1.0,1959.0,5.0,141000.0
1752.0,1752.0,576.0,2.0,2005.0,9.0,319900.0
2149.0,1434.0,670.0,2.0,2003.0,7.0,239686.0
1656.0,1656.0,826.0,3.0,2006.0,8.0,249700.0
1452.0,736.0,0.0,0.0,1920.0,4.0,113000.0
955.0,955.0,386.0,1.0,1966.0,5.0,127000.0
1470.0,794.0,388.0,2.0,1997.0,6.0,177000.0
1176.0,816.0,528.0,2.0,1934.0,6.0,114500.0
816.0,816.0,516.0,2.0,1963.0,5.0,110000.0
1842.0,1842.0,894.0,3.0,1981.0,9.0,385000.0
1360.0,384.0,572.0,2.0,1955.0,5.0,130000.0
1425.0,1425.0,576.0,2.0,1964.0,6.0,180500.0
1739.0,970.0,480.0,2.0,1999.0,8.0,172500.0
1720.0,860.0,565.0,2.0,2004.0,7.0,196500.0
2945.0,1410.0,641.0,3.0,2006.0,10.0,438780.0
780.0,780.0,352.0,1.0,1972.0,5.0,124900.0
1158.0,1158.0,576.0,2.0,2004.0,6.0,158000.0
1111.0,530.0,288.0,1.0,1920.0,5.0,101000.0
1370.0,1370.0,484.0,2.0,2006.0,8.0,202500.0
1710.0,576.0,480.0,2.0,1921.0,7.0,140000.0
2034.0,1057.0,645.0,2.0,1997.0,7.0,219500.0
2473.0,1143.0,852.0,3.0,2004.0,8.0,317000.0
2207.0,1947.0,576.0,2.0,1970.0,7.0,180000.0
1479.0,1453.0,558.0,2.0,2003.0,7.0,226000.0
747.0,747.0,220.0,1.0,1945.0,4.0,80000.0
2287.0,1304.0,667.0,2.0,1953.0,7.0,225000.0
2223.0,2223.0,516.0,2.0,1973.0,7.0,244000.0
845.0,845.0,360.0,2.0,1982.0,4.0,129500.0
1718.0,832.0,427.0,2.0,1998.0,7.0,185000.0
1086.0,1086.0,490.0,2.0,1954.0,5.0,144900.0
1605.0,840.0,379.0,1.0,1915.0,3.0,107400.0
988.0,462.0,297.0,1.0,1973.0,4.0,91000.0
952.0,952.0,283.0,1.0,1956.0,4.0,135750.0
1285.0,672.0,240.0,1.0,1948.0,5.0,127000.0
1768.0,1768.0,0.0,0.0,1968.0,4.0,136500.0
1230.0,440.0,440.0,2.0,1910.0,5.0,110000.0
2142.0,896.0,509.0,1.0,1968.0,6.0,193500.0
1337.0,1237.0,405.0,2.0,1998.0,6.0,153500.0
1563.0,1563.0,758.0,3.0,2007.0,8.0,245000.0
1065.0,1065.0,461.0,2.0,1960.0,5.0,126500.0
1474.0,384.0,400.0,2.0,1995.0,7.0,168500.0
2417.0,1288.0,462.0,2.0,1991.0,8.0,260000.0
1560.0,684.0,400.0,2.0,2005.0,6.0,174000.0
1224.0,612.0,528.0,2.0,2009.0,6.0,164500.0
1526.0,1013.0,0.0,0.0,1915.0,3.0,85000.0
990.0,990.0,0.0,0.0,1994.0,4.0,123600.0
1040.0,0.0,420.0,2.0,1950.0,4.0,109900.0
1235.0,1235.0,480.0,2.0,1961.0,5.0,98600.0
964.0,876.0,432.0,2.0,1921.0,5.0,163500.0
2291.0,1214.0,506.0,2.0,1910.0,6.0,133900.0
1786.0,824.0,684.0,2.0,1997.0,6.0,204750.0
1470.0,680.0,420.0,2.0,1993.0,6.0,185000.0
1588.0,1588.0,472.0,2.0,1999.0,7.0,214000.0
960.0,960.0,432.0,1.0,1965.0,4.0,94750.0
835.0,458.0,366.0,1.0,1920.0,5.0,83000.0
1225.0,950.0,0.0,0.0,1959.0,4.0,128950.0
1610.0,1610.0,480.0,2.0,1977.0,6.0,205000.0
1732.0,741.0,476.0,2.0,1985.0,6.0,178000.0
1535.0,0.0,410.0,2.0,1979.0,5.0,118964.0
1226.0,1226.0,740.0,3.0,2009.0,7.0,198900.0
1818.0,1040.0,240.0,1.0,1931.0,7.0,169500.0
1992.0,1053.0,648.0,2.0,2003.0,8.0,250000.0
1047.0,641.0,273.0,1.0,1885.0,4.0,100000.0
789.0,789.0,250.0,1.0,1948.0,5.0,115000.0
1517.0,793.0,0.0,0.0,1919.0,5.0,115000.0
1844.0,1844.0,546.0,2.0,1977.0,6.0,190000.0
1855.0,994.0,325.0,1.0,1954.0,6.0,136900.0
1430.0,384.0,400.0,2.0,2000.0,7.0,180000.0
2696.0,1264.0,792.0,3.0,2007.0,7.0,383970.0
2259.0,1809.0,450.0,2.0,1953.0,6.0,217000.0
2320.0,1028.0,180.0,1.0,1945.0,6.0,259500.0
1458.0,729.0,440.0,2.0,1999.0,6.0,176000.0
1092.0,1092.0,288.0,1.0,1962.0,5.0,139000.0
1125.0,1125.0,430.0,2.0,2006.0,5.0,155000.0
3222.0,1673.0,594.0,3.0,1990.0,7.0,320000.0
1456.0,728.0,390.0,2.0,2005.0,6.0,163990.0
988.0,938.0,540.0,2.0,1969.0,6.0,180000.0
1123.0,732.0,264.0,1.0,1939.0,4.0,100000.0
1080.0,1080.0,288.0,1.0,1958.0,6.0,136000.0
1199.0,1199.0,530.0,2.0,1993.0,6.0,153900.0
1586.0,1362.0,435.0,2.0,1979.0,6.0,181000.0
754.0,520.0,0.0,0.0,1935.0,6.0,84500.0
958.0,1078.0,440.0,2.0,1976.0,6.0,128000.0
840.0,672.0,0.0,0.0,1930.0,5.0,87000.0
1348.0,660.0,453.0,2.0,1966.0,6.0,155000.0
1053.0,1008.0,750.0,2.0,1958.0,5.0,150000.0
2157.0,924.0,487.0,2.0,1966.0,7.0,226000.0
2054.0,992.0,390.0,2.0,2000.0,6.0,244000.0
1327.0,1063.0,624.0,2.0,1959.0,5.0,150750.0
1296.0,1267.0,471.0,2.0,2001.0,8.0,220000.0
1721.0,1461.0,440.0,2.0,1968.0,5.0,180000.0
1682.0,1304.0,530.0,2.0,1970.0,7.0,174000.0
1214.0,1214.0,318.0,1.0,1967.0,5.0,143000.0
1959.0,1907.0,766.0,3.0,1988.0,7.0,171000.0
1852.0,1004.0,660.0,3.0,1999.0,8.0,230000.0
1764.0,928.0,470.0,2.0,1997.0,6.0,231500.0
864.0,864.0,0.0,0.0,1971.0,4.0,115000.0
1734.0,1734.0,660.0,2.0,2005.0,7.0,260000.0
1385.0,910.0,720.0,2.0,1952.0,5.0,166000.0
1501.0,1490.0,577.0,2.0,1999.0,7.0,204000.0
1728.0,1728.0,504.0,2.0,1963.0,5.0,125000.0
1709.0,970.0,380.0,2.0,2004.0,6.0,130000.0
875.0,715.0,180.0,1.0,1931.0,5.0,105000.0
2035.0,884.0,434.0,2.0,2001.0,7.0,222500.0
1080.0,1080.0,0.0,0.0,2004.0,7.0,141000.0
1344.0,896.0,240.0,1.0,1936.0,5.0,115000.0
969.0,969.0,440.0,2.0,1975.0,5.0,122000.0
1710.0,1710.0,866.0,3.0,2007.0,8.0,372402.0
1993.0,825.0,495.0,2.0,1971.0,6.0,190000.0
1252.0,1602.0,564.0,2.0,1960.0,6.0,235000.0
1200.0,1200.0,312.0,1.0,1923.0,6.0,125000.0
1096.0,572.0,0.0,0.0,1924.0,6.0,79000.0
1040.0,0.0,625.0,2.0,1950.0,5.0,109500.0
1968.0,774.0,680.0,3.0,2009.0,8.0,269500.0
1947.0,991.0,678.0,2.0,2004.0,7.0,254900.0
2462.0,1392.0,576.0,2.0,2005.0,7.0,320000.0
1232.0,1232.0,516.0,2.0,1984.0,6.0,162500.0
2668.0,1572.0,726.0,3.0,2003.0,9.0,412500.0
1541.0,1541.0,532.0,2.0,2005.0,7.0,220000.0
882.0,882.0,0.0,0.0,1956.0,4.0,103200.0
1616.0,1149.0,216.0,1.0,1926.0,6.0,152000.0
1355.0,644.0,0.0,0.0,1940.0,5.0,127500.0
1867.0,1617.0,303.0,1.0,1955.0,5.0,190000.0
2161.0,1582.0,789.0,3.0,2007.0,8.0,325624.0
1720.0,840.0,440.0,2.0,2004.0,7.0,183500.0
1707.0,1686.0,511.0,2.0,1981.0,8.0,228000.0
1382.0,720.0,660.0,2.0,1941.0,5.0,128500.0
1656.0,1080.0,528.0,2.0,1960.0,6.0,215000.0
1767.0,1064.0,504.0,2.0,1987.0,7.0,239000.0
1362.0,1362.0,504.0,2.0,1961.0,6.0,163000.0
1651.0,1606.0,616.0,2.0,1986.0,6.0,184000.0
2158.0,1202.0,576.0,2.0,1950.0,6.0,243000.0
2060.0,1151.0,521.0,2.0,1988.0,6.0,211000.0
1920.0,1052.0,451.0,2.0,1958.0,5.0,172500.0
2234.0,2216.0,1166.0,3.0,2008.0,9.0,501837.0
968.0,968.0,480.0,2.0,1923.0,5.0,100000.0
1525.0,756.0,440.0,2.0,2000.0,6.0,177000.0
1802.0,793.0,216.0,1.0,1920.0,7.0,200100.0
1340.0,0.0,252.0,1.0,1957.0,5.0,120000.0
2082.0,1362.0,484.0,2.0,2003.0,7.0,200000.0
1252.0,504.0,576.0,2.0,1908.0,5.0,127000.0
3608.0,1107.0,840.0,3.0,1892.0,10.0,475000.0
1217.0,1188.0,497.0,2.0,1990.0,7.0,173000.0
1656.0,660.0,180.0,1.0,1916.0,5.0,135000.0
1224.0,1086.0,528.0,2.0,1979.0,5.0,153337.0
1593.0,1593.0,682.0,2.0,2001.0,8.0,286000.0
2727.0,853.0,440.0,2.0,1932.0,8.0,315000.0
1479.0,725.0,484.0,2.0,1972.0,7.0,184000.0
1431.0,1431.0,666.0,2.0,1999.0,7.0,192000.0
1709.0,970.0,380.0,2.0,2004.0,7.0,130000.0
864.0,864.0,352.0,1.0,1972.0,5.0,127000.0
1456.0,855.0,440.0,2.0,1976.0,6.0,148500.0
1726.0,1726.0,786.0,3.0,2007.0,7.0,311872.0
3112.0,1360.0,795.0,2.0,1918.0,8.0,235000.0
2229.0,755.0,0.0,0.0,1912.0,6.0,104000.0
1713.0,1713.0,856.0,3.0,2004.0,8.0,274900.0
1121.0,1121.0,440.0,2.0,2003.0,4.0,140000.0
1279.0,1196.0,473.0,2.0,1977.0,6.0,171500.0
1310.0,617.0,398.0,1.0,1924.0,6.0,112000.0
848.0,848.0,420.0,2.0,2004.0,6.0,149000.0
1284.0,720.0,240.0,1.0,1947.0,5.0,110000.0
1442.0,1424.0,500.0,2.0,1990.0,7.0,180500.0
1696.0,1140.0,349.0,1.0,1962.0,5.0,143900.0
1100.0,1100.0,312.0,1.0,1960.0,4.0,141000.0
2062.0,1157.0,454.0,2.0,1988.0,7.0,277000.0
1092.0,1092.0,504.0,2.0,1964.0,6.0,145000.0
864.0,864.0,0.0,0.0,1925.0,5.0,98000.0
1212.0,1212.0,460.0,2.0,2009.0,6.0,186000.0
1852.0,900.0,644.0,2.0,2009.0,7.0,252678.0
990.0,990.0,576.0,2.0,1995.0,5.0,156000.0
1392.0,689.0,299.0,1.0,1977.0,6.0,161750.0
1236.0,1070.0,447.0,1.0,1957.0,5.0,134450.0
1436.0,1436.0,484.0,2.0,2004.0,7.0,210000.0
1328.0,686.0,210.0,1.0,1925.0,4.0,107000.0
1954.0,798.0,431.0,2.0,1939.0,7.0,311500.0
1248.0,1248.0,438.0,2.0,2005.0,7.0,167240.0
1498.0,1498.0,675.0,2.0,2006.0,7.0,204900.0
2267.0,1010.0,390.0,2.0,2002.0,6.0,200000.0
1552.0,713.0,434.0,2.0,1975.0,6.0,179900.0
864.0,864.0,576.0,2.0,1971.0,4.0,97000.0
2392.0,2392.0,968.0,3.0,2003.0,10.0,386250.0
1302.0,630.0,280.0,1.0,1971.0,5.0,112000.0
2520.0,1203.0,721.0,3.0,1995.0,7.0,290000.0
987.0,483.0,280.0,1.0,1970.0,6.0,106000.0
912.0,912.0,336.0,1.0,1967.0,5.0,125000.0
1555.0,1373.0,430.0,2.0,2005.0,7.0,192500.0
1194.0,1194.0,312.0,1.0,1959.0,6.0,148000.0
2794.0,1462.0,810.0,3.0,1995.0,8.0,403000.0
987.0,483.0,288.0,1.0,1972.0,6.0,94500.0
894.0,894.0,308.0,1.0,1976.0,5.0,128200.0
1960.0,860.0,440.0,2.0,2002.0,6.0,216500.0
987.0,483.0,264.0,1.0,1971.0,6.0,89500.0
1414.0,1414.0,494.0,2.0,2004.0,7.0,185500.0
1744.0,996.0,457.0,2.0,1993.0,7.0,194500.0
1694.0,1694.0,818.0,3.0,2007.0,8.0,318000.0
1487.0,735.0,220.0,1.0,1945.0,6.0,113000.0
1566.0,1566.0,750.0,2.0,2008.0,8.0,262500.0
866.0,686.0,0.0,0.0,1945.0,5.0,110500.0
1440.0,540.0,352.0,1.0,1900.0,5.0,79000.0
1217.0,626.0,288.0,1.0,1980.0,6.0,120000.0
2110.0,948.0,463.0,2.0,1994.0,7.0,205000.0
1872.0,1845.0,604.0,2.0,1988.0,7.0,241500.0
1928.0,1020.0,440.0,1.0,1910.0,6.0,137000.0
1375.0,1367.0,451.0,2.0,1954.0,6.0,140000.0
1668.0,840.0,500.0,2.0,2003.0,7.0,180000.0
2144.0,1444.0,389.0,2.0,1958.0,6.0,277000.0
1306.0,728.0,0.0,0.0,1940.0,3.0,76500.0
1625.0,1573.0,538.0,2.0,2006.0,8.0,235000.0
1640.0,798.0,520.0,2.0,2004.0,6.0,173000.0
1302.0,1302.0,309.0,1.0,1964.0,6.0,158000.0
1314.0,1314.0,294.0,1.0,1957.0,5.0,145000.0
2291.0,975.0,429.0,2.0,1999.0,7.0,230000.0
1728.0,864.0,673.0,2.0,2003.0,6.0,207500.0
1604.0,1604.0,660.0,2.0,2006.0,7.0,220000.0
1792.0,963.0,564.0,2.0,2001.0,7.0,231500.0
882.0,0.0,308.0,1.0,1956.0,5.0,97000.0
1382.0,1362.0,884.0,2.0,1962.0,6.0,176000.0
2574.0,1482.0,868.0,3.0,2007.0,8.0,276000.0
1212.0,506.0,492.0,2.0,1977.0,6.0,151000.0
1316.0,926.0,484.0,2.0,1929.0,5.0,130000.0
764.0,680.0,504.0,2.0,1925.0,5.0,73000.0
1422.0,1422.0,576.0,2.0,1981.0,6.0,175500.0
1511.0,802.0,413.0,2.0,1997.0,6.0,185000.0
2192.0,720.0,240.0,1.0,1939.0,5.0,179500.0
778.0,740.0,924.0,1.0,1940.0,5.0,120500.0
1113.0,1143.0,504.0,1.0,1976.0,6.0,148000.0
1939.0,1095.0,1053.0,3.0,2006.0,8.0,266000.0
1363.0,1385.0,439.0,2.0,1954.0,7.0,241500.0
2270.0,1152.0,671.0,3.0,1999.0,8.0,290000.0
1632.0,1240.0,338.0,1.0,1958.0,6.0,139000.0
816.0,816.0,264.0,1.0,1982.0,5.0,124500.0
1548.0,952.0,672.0,2.0,1925.0,7.0,205000.0
1560.0,1560.0,573.0,2.0,2003.0,7.0,201000.0
864.0,864.0,400.0,2.0,1951.0,4.0,141000.0
2121.0,2121.0,732.0,3.0,2006.0,9.0,415298.0
2022.0,1160.0,505.0,2.0,1977.0,7.0,192000.0
1982.0,807.0,575.0,2.0,1989.0,7.0,228500.0
1262.0,1262.0,572.0,2.0,2006.0,6.0,185000.0
1314.0,1314.0,626.0,2.0,2007.0,7.0,207500.0
1468.0,1468.0,898.0,3.0,2008.0,8.0,244600.0
1575.0,1575.0,529.0,2.0,1992.0,6.0,179200.0
1250.0,625.0,528.0,2.0,2006.0,7.0,164700.0
1734.0,912.0,440.0,2.0,1962.0,6.0,159000.0
858.0,858.0,0.0,0.0,1971.0,4.0,88000.0
900.0,882.0,280.0,1.0,1967.0,5.0,122000.0
1396.0,698.0,384.0,1.0,1915.0,6.0,153575.0
1919.0,1079.0,685.0,2.0,2006.0,8.0,233230.0
1716.0,780.0,0.0,0.0,1912.0,5.0,135900.0
1716.0,768.0,281.0,1.0,1949.0,5.0,131000.0
2263.0,795.0,539.0,2.0,1977.0,7.0,235000.0
1644.0,1416.0,418.0,2.0,1953.0,6.0,167000.0
1003.0,1003.0,588.0,2.0,1984.0,6.0,142500.0
1558.0,910.0,282.0,1.0,1950.0,5.0,152000.0
1950.0,975.0,576.0,2.0,1997.0,7.0,239000.0
1743.0,702.0,539.0,2.0,1968.0,6.0,175000.0
1152.0,1092.0,300.0,1.0,1950.0,6.0,158500.0
1336.0,1165.0,375.0,1.0,1953.0,5.0,157000.0
2452.0,1028.0,683.0,2.0,1998.0,8.0,267000.0
1541.0,1541.0,843.0,3.0,2001.0,7.0,205000.0
894.0,894.0,552.0,2.0,1972.0,5.0,149900.0
3493.0,1470.0,870.0,3.0,1880.0,7.0,295000.0
2000.0,2000.0,888.0,3.0,2004.0,8.0,305900.0
2243.0,700.0,746.0,3.0,1990.0,7.0,225000.0
1406.0,319.0,0.0,0.0,1920.0,6.0,89500.0
861.0,861.0,539.0,2.0,1940.0,4.0,82500.0
1944.0,1896.0,708.0,3.0,2003.0,9.0,360000.0
1501.0,697.0,420.0,2.0,1993.0,6.0,165600.0
972.0,972.0,240.0,1.0,1948.0,6.0,132000.0
1118.0,793.0,410.0,2.0,1939.0,5.0,119900.0
2036.0,2136.0,513.0,2.0,1965.0,7.0,375000.0
1641.0,728.0,546.0,2.0,1925.0,7.0,178000.0
1432.0,716.0,432.0,2.0,2004.0,7.0,188500.0
2353.0,845.0,484.0,2.0,1980.0,7.0,260000.0
1959.0,1088.0,1025.0,3.0,2006.0,8.0,270000.0
2646.0,1347.0,656.0,3.0,1993.0,7.0,260000.0
1472.0,1372.0,588.0,2.0,1980.0,7.0,187500.0
2596.0,1249.0,840.0,3.0,2006.0,9.0,342643.0
2468.0,1136.0,872.0,3.0,2004.0,8.0,354000.0
2730.0,1502.0,576.0,2.0,1986.0,7.0,301000.0
1163.0,1162.0,220.0,1.0,1955.0,3.0,126175.0
2978.0,710.0,564.0,2.0,1967.0,7.0,242000.0
803.0,720.0,360.0,2.0,1941.0,5.0,87000.0
1719.0,1719.0,473.0,2.0,1993.0,8.0,324000.0
1383.0,1383.0,292.0,1.0,1960.0,6.0,145250.0
2134.0,844.0,441.0,2.0,1916.0,6.0,214500.0
1192.0,596.0,189.0,1.0,1920.0,5.0,78000.0
1728.0,1728.0,352.0,1.0,1964.0,5.0,119000.0
1056.0,1056.0,308.0,1.0,1958.0,5.0,139000.0
1629.0,3206.0,880.0,3.0,2003.0,8.0,284000.0
1358.0,1358.0,484.0,2.0,2004.0,7.0,207000.0
1638.0,943.0,472.0,2.0,1998.0,6.0,192000.0
1786.0,1499.0,529.0,2.0,1965.0,5.0,228950.0
1922.0,1922.0,676.0,3.0,2005.0,9.0,377426.0
1536.0,1536.0,532.0,2.0,2002.0,7.0,214000.0
1621.0,1208.0,440.0,2.0,1984.0,7.0,202500.0
1215.0,1215.0,297.0,1.0,1958.0,6.0,155000.0
1908.0,967.0,431.0,2.0,2002.0,8.0,202900.0
841.0,721.0,294.0,1.0,1950.0,4.0,82000.0
1040.0,0.0,400.0,2.0,1949.0,3.0,87500.0
1684.0,1684.0,564.0,2.0,2005.0,9.0,266000.0
1112.0,536.0,336.0,1.0,1976.0,5.0,85000.0
1577.0,972.0,312.0,1.0,1939.0,6.0,140200.0
958.0,958.0,301.0,1.0,1960.0,6.0,151500.0
1478.0,1478.0,498.0,2.0,1960.0,6.0,157500.0
1626.0,764.0,474.0,2.0,2003.0,7.0,154000.0
2728.0,1848.0,706.0,3.0,2005.0,9.0,437154.0
1869.0,1869.0,617.0,2.0,2007.0,9.0,318061.0
1453.0,1453.0,445.0,2.0,1986.0,7.0,190000.0
1111.0,616.0,200.0,1.0,1941.0,5.0,95000.0
720.0,624.0,484.0,2.0,1928.0,6.0,105900.0
1595.0,940.0,240.0,1.0,1940.0,6.0,140000.0
1200.0,1200.0,521.0,2.0,1995.0,6.0,177500.0
1167.0,1158.0,400.0,2.0,1992.0,6.0,173000.0
1142.0,1142.0,528.0,2.0,1976.0,5.0,134000.0
1352.0,1062.0,288.0,1.0,1958.0,5.0,130000.0
1924.0,1086.0,592.0,2.0,1998.0,8.0,280000.0
912.0,888.0,470.0,2.0,1978.0,6.0,156000.0
1505.0,883.0,240.0,1.0,1940.0,5.0,145000.0
1922.0,0.0,672.0,2.0,2003.0,7.0,198500.0
987.0,483.0,264.0,1.0,1972.0,6.0,118000.0
1574.0,796.0,566.0,2.0,1976.0,6.0,190000.0
1344.0,672.0,468.0,1.0,1920.0,5.0,147000.0
1394.0,1394.0,514.0,2.0,1963.0,6.0,159000.0
1431.0,1099.0,296.0,1.0,1962.0,6.0,165000.0
1268.0,1268.0,244.0,1.0,1954.0,5.0,132000.0
1287.0,1063.0,576.0,2.0,1959.0,5.0,162000.0
1664.0,953.0,460.0,2.0,2000.0,6.0,172400.0
1588.0,0.0,680.0,2.0,1959.0,4.0,134432.0
752.0,744.0,264.0,1.0,1984.0,6.0,125000.0
1319.0,608.0,270.0,1.0,1953.0,5.0,123000.0
1928.0,847.0,434.0,2.0,2003.0,7.0,219500.0
904.0,683.0,0.0,0.0,1922.0,1.0,61000.0
914.0,870.0,576.0,2.0,1996.0,5.0,148000.0
2466.0,1580.0,610.0,2.0,2004.0,8.0,340000.0
1856.0,1856.0,834.0,3.0,2010.0,9.0,394432.0
1800.0,982.0,463.0,2.0,2000.0,6.0,179000.0
1691.0,1026.0,308.0,1.0,1924.0,5.0,127000.0
1301.0,1293.0,572.0,2.0,2006.0,7.0,187750.0
1797.0,939.0,639.0,2.0,2006.0,7.0,213500.0
784.0,784.0,360.0,2.0,1928.0,6.0,76000.0
1953.0,1580.0,501.0,2.0,1992.0,6.0,240000.0
1269.0,1256.0,430.0,2.0,2004.0,8.0,192000.0
1184.0,658.0,0.0,0.0,1910.0,5.0,81000.0
1125.0,1041.0,352.0,1.0,1976.0,6.0,125000.0
1479.0,1468.0,577.0,2.0,1999.0,7.0,191000.0
2332.0,1682.0,846.0,3.0,2007.0,10.0,426000.0
1367.0,861.0,384.0,1.0,1900.0,5.0,119000.0
1961.0,804.0,560.0,2.0,2001.0,6.0,215000.0
882.0,0.0,294.0,1.0,1959.0,5.0,106500.0
788.0,788.0,0.0,0.0,1941.0,4.0,100000.0
1034.0,735.0,240.0,1.0,1940.0,5.0,109000.0
1144.0,1144.0,596.0,1.0,1956.0,5.0,129000.0
894.0,894.0,600.0,2.0,1972.0,5.0,123000.0
1812.0,864.0,264.0,1.0,1962.0,5.0,169500.0
1077.0,961.0,338.0,1.0,1920.0,5.0,67000.0
1550.0,1092.0,438.0,2.0,2006.0,7.0,241000.0
1288.0,1260.0,500.0,2.0,1996.0,8.0,245500.0
1310.0,1310.0,400.0,2.0,2005.0,7.0,164990.0
672.0,672.0,240.0,1.0,1940.0,5.0,108000.0
2263.0,1141.0,420.0,2.0,1998.0,8.0,258000.0
1572.0,806.0,373.0,2.0,1995.0,6.0,168000.0
1620.0,1281.0,490.0,2.0,1976.0,4.0,150000.0
1639.0,1064.0,240.0,1.0,1936.0,6.0,115000.0
1680.0,840.0,308.0,1.0,1915.0,6.0,177000.0
2172.0,1063.0,947.0,3.0,2006.0,7.0,280000.0
2078.0,1034.0,836.0,3.0,2007.0,8.0,339750.0
1276.0,1276.0,350.0,1.0,1958.0,5.0,60000.0
1056.0,1056.0,572.0,2.0,1955.0,5.0,145000.0
1478.0,1470.0,484.0,2.0,2009.0,7.0,222000.0
1028.0,1008.0,360.0,2.0,1927.0,5.0,115000.0
2097.0,1080.0,678.0,3.0,1993.0,7.0,228000.0
1340.0,1340.0,396.0,2.0,2007.0,7.0,181134.0
1400.0,672.0,440.0,2.0,1978.0,6.0,149500.0
2624.0,1370.0,864.0,3.0,1918.0,6.0,239000.0
1134.0,756.0,240.0,1.0,1940.0,5.0,126000.0
1056.0,1056.0,304.0,1.0,1968.0,5.0,142000.0
1344.0,1344.0,784.0,4.0,1997.0,7.0,206300.0
1602.0,1602.0,529.0,2.0,1977.0,6.0,215000.0
988.0,988.0,520.0,2.0,1954.0,5.0,113000.0
2630.0,1470.0,696.0,3.0,1998.0,8.0,315000.0
1196.0,1196.0,297.0,1.0,1956.0,6.0,139000.0
1389.0,651.0,240.0,1.0,1946.0,7.0,135000.0
1644.0,1518.0,569.0,2.0,1989.0,7.0,275000.0
907.0,907.0,352.0,1.0,1957.0,4.0,109008.0
1208.0,1208.0,628.0,2.0,2007.0,7.0,195400.0
1412.0,1392.0,576.0,2.0,1988.0,6.0,175000.0
987.0,483.0,264.0,1.0,1971.0,6.0,85400.0
1198.0,901.0,0.0,0.0,1920.0,6.0,79900.0
1365.0,765.0,440.0,2.0,1971.0,5.0,122500.0
1604.0,926.0,470.0,2.0,1997.0,6.0,181000.0
630.0,630.0,0.0,0.0,1972.0,4.0,81000.0
1661.0,799.0,550.0,2.0,1996.0,7.0,212000.0
1118.0,648.0,440.0,2.0,1920.0,6.0,116000.0
904.0,884.0,180.0,1.0,1926.0,6.0,119000.0
694.0,440.0,352.0,1.0,1913.0,5.0,90350.0
1196.0,684.0,528.0,2.0,1920.0,6.0,110000.0
2402.0,3094.0,672.0,3.0,2008.0,10.0,555000.0
1440.0,1440.0,0.0,0.0,1955.0,4.0,118000.0
1573.0,1078.0,360.0,2.0,1930.0,5.0,162900.0
1258.0,1258.0,648.0,3.0,2006.0,7.0,172500.0
1908.0,915.0,493.0,2.0,1994.0,7.0,210000.0
1689.0,1436.0,480.0,2.0,1956.0,6.0,127500.0
1888.0,1517.0,578.0,2.0,1966.0,6.0,190000.0
1886.0,930.0,431.0,2.0,1998.0,7.0,199900.0
1376.0,780.0,198.0,1.0,1937.0,6.0,119500.0
1183.0,649.0,308.0,1.0,1948.0,3.0,120000.0
813.0,813.0,270.0,1.0,1930.0,6.0,110000.0
1533.0,1533.0,576.0,2.0,1975.0,7.0,280000.0
1756.0,872.0,422.0,2.0,1996.0,6.0,204000.0
1590.0,768.0,676.0,2.0,2008.0,8.0,210000.0
1728.0,1728.0,560.0,2.0,1976.0,5.0,188000.0
1242.0,1242.0,528.0,2.0,1973.0,7.0,175500.0
1344.0,624.0,513.0,3.0,1916.0,5.0,98000.0
1663.0,1364.0,529.0,2.0,1954.0,4.0,256000.0
1666.0,588.0,228.0,1.0,1925.0,8.0,161000.0
1203.0,709.0,352.0,1.0,1950.0,5.0,110000.0
1935.0,832.0,552.0,2.0,2009.0,8.0,263435.0
1135.0,560.0,576.0,2.0,1936.0,7.0,155000.0
864.0,864.0,360.0,1.0,1965.0,5.0,62383.0
1660.0,715.0,240.0,1.0,1934.0,6.0,188700.0
1040.0,1040.0,0.0,0.0,1978.0,5.0,124000.0
1414.0,1375.0,398.0,2.0,2004.0,7.0,178740.0
1277.0,1277.0,526.0,2.0,1970.0,7.0,167000.0
1644.0,728.0,312.0,1.0,1942.0,5.0,146500.0
1634.0,1626.0,866.0,3.0,2006.0,8.0,250000.0
1710.0,832.0,506.0,2.0,1993.0,6.0,187000.0
1502.0,1488.0,528.0,2.0,1985.0,8.0,212000.0
1969.0,808.0,534.0,2.0,1977.0,7.0,190000.0
1072.0,547.0,525.0,2.0,2005.0,6.0,148000.0
1976.0,1976.0,908.0,3.0,2006.0,8.0,440000.0
1652.0,1494.0,499.0,2.0,2000.0,8.0,251000.0
970.0,970.0,624.0,2.0,1963.0,5.0,132500.0
1493.0,1478.0,508.0,2.0,1997.0,6.0,208900.0
2643.0,2153.0,694.0,3.0,2006.0,9.0,380000.0
1718.0,1705.0,826.0,3.0,2007.0,8.0,297000.0
1131.0,907.0,672.0,2.0,1937.0,4.0,89471.0
1850.0,1833.0,772.0,3.0,2004.0,9.0,326000.0
1792.0,1792.0,874.0,3.0,2003.0,9.0,374000.0
1826.0,910.0,164.0,1.0,1915.0,7.0,155000.0
1216.0,1216.0,402.0,2.0,1998.0,6.0,164000.0
999.0,999.0,264.0,1.0,1962.0,5.0,132500.0
1113.0,1113.0,264.0,1.0,1950.0,5.0,147000.0
1073.0,1073.0,515.0,2.0,1965.0,5.0,156000.0
1484.0,1484.0,487.0,2.0,1971.0,5.0,175000.0
2414.0,954.0,520.0,2.0,1900.0,5.0,160000.0
630.0,630.0,286.0,1.0,1970.0,4.0,86000.0
1304.0,264.0,336.0,1.0,1976.0,5.0,115000.0
1578.0,806.0,240.0,1.0,1941.0,6.0,133000.0
1456.0,728.0,429.0,2.0,2006.0,6.0,172785.0
1269.0,1269.0,308.0,1.0,1960.0,5.0,155000.0
886.0,190.0,273.0,1.0,1938.0,5.0,91300.0
720.0,720.0,0.0,0.0,1920.0,4.0,34900.0
3228.0,3200.0,546.0,2.0,1992.0,8.0,430000.0
1820.0,1026.0,240.0,1.0,1925.0,7.0,184000.0
899.0,864.0,288.0,1.0,1967.0,5.0,130000.0
912.0,912.0,297.0,1.0,1958.0,5.0,120000.0
1218.0,672.0,264.0,1.0,1973.0,6.0,113000.0
1768.0,866.0,603.0,2.0,2005.0,7.0,226700.0
1214.0,1214.0,461.0,2.0,1965.0,5.0,140000.0
1801.0,1501.0,484.0,2.0,1959.0,7.0,289000.0
1322.0,855.0,440.0,2.0,1974.0,6.0,147000.0
1960.0,960.0,400.0,2.0,1952.0,5.0,124500.0
1911.0,777.0,471.0,2.0,1993.0,8.0,215000.0
1218.0,1218.0,676.0,2.0,2009.0,6.0,208300.0
1378.0,689.0,360.0,2.0,1928.0,7.0,161000.0
1041.0,1041.0,270.0,1.0,1959.0,5.0,124500.0
1363.0,1008.0,288.0,1.0,1951.0,5.0,164900.0
1368.0,1368.0,474.0,2.0,2005.0,7.0,202665.0
864.0,864.0,624.0,2.0,1958.0,5.0,129900.0
1080.0,1084.0,484.0,2.0,1983.0,6.0,134000.0
789.0,768.0,200.0,1.0,1926.0,5.0,96500.0
2020.0,2006.0,900.0,3.0,2009.0,10.0,402861.0
2119.0,689.0,583.0,2.0,1972.0,6.0,158000.0
2344.0,1264.0,889.0,3.0,1996.0,7.0,265000.0
1796.0,794.0,546.0,2.0,1998.0,6.0,211000.0
2080.0,1276.0,282.0,1.0,1926.0,7.0,234000.0
1294.0,0.0,0.0,0.0,1900.0,4.0,106250.0
1244.0,1244.0,336.0,1.0,1957.0,6.0,150000.0
1664.0,1004.0,420.0,2.0,1947.0,6.0,159000.0
4676.0,3138.0,884.0,3.0,2007.0,10.0,184750.0
2398.0,1379.0,834.0,3.0,1996.0,7.0,315750.0
1266.0,1257.0,453.0,2.0,2005.0,7.0,176000.0
928.0,928.0,252.0,1.0,1956.0,5.0,132000.0
2713.0,1452.0,858.0,3.0,2008.0,9.0,446261.0
605.0,528.0,0.0,0.0,1920.0,4.0,86000.0
2515.0,2035.0,484.0,2.0,1957.0,6.0,200624.0
1509.0,1461.0,600.0,2.0,1988.0,6.0,175000.0
1362.0,611.0,502.0,2.0,1920.0,6.0,128000.0
827.0,0.0,392.0,1.0,1955.0,5.0,107500.0
334.0,0.0,0.0,0.0,1946.0,1.0,39300.0
1414.0,707.0,403.0,2.0,2004.0,8.0,178000.0
1347.0,1117.0,0.0,0.0,1910.0,5.0,107500.0
1724.0,880.0,527.0,2.0,1998.0,7.0,188000.0
864.0,864.0,576.0,2.0,1972.0,4.0,111250.0
1159.0,1051.0,336.0,1.0,1968.0,5.0,158000.0
1601.0,1581.0,670.0,2.0,2001.0,8.0,272000.0
1838.0,1838.0,765.0,3.0,2006.0,9.0,315000.0
2285.0,969.0,648.0,3.0,2000.0,8.0,248000.0
1680.0,1650.0,583.0,2.0,1998.0,7.0,213250.0
767.0,723.0,367.0,1.0,1998.0,7.0,133000.0
1496.0,654.0,426.0,2.0,2006.0,7.0,179665.0
2183.0,1204.0,786.0,3.0,1988.0,7.0,229000.0
1635.0,1065.0,440.0,2.0,1923.0,6.0,210000.0
768.0,768.0,624.0,2.0,1970.0,5.0,129500.0
825.0,825.0,720.0,2.0,1955.0,5.0,125000.0
2094.0,912.0,615.0,2.0,2003.0,7.0,263000.0
1069.0,1069.0,440.0,2.0,1977.0,6.0,140000.0
928.0,928.0,288.0,1.0,1957.0,5.0,112500.0
1717.0,1709.0,908.0,3.0,2006.0,8.0,255500.0
1126.0,0.0,520.0,2.0,1949.0,4.0,108000.0
2046.0,998.0,871.0,3.0,2003.0,7.0,284000.0
1048.0,993.0,280.0,1.0,1922.0,5.0,113000.0
1092.0,1092.0,299.0,1.0,1957.0,5.0,141000.0
1336.0,637.0,570.0,1.0,1920.0,4.0,108000.0
1446.0,729.0,406.0,2.0,1996.0,7.0,175000.0
1557.0,1374.0,420.0,2.0,2003.0,7.0,234000.0
1392.0,1392.0,528.0,2.0,1957.0,5.0,121500.0
1389.0,1389.0,418.0,2.0,1974.0,5.0,170000.0
996.0,996.0,0.0,0.0,1940.0,5.0,108000.0
1674.0,1163.0,396.0,2.0,1918.0,6.0,185000.0
2295.0,1095.0,590.0,2.0,1992.0,7.0,268000.0
1647.0,806.0,216.0,1.0,1915.0,6.0,128000.0
2504.0,1122.0,656.0,3.0,2005.0,9.0,325000.0
1535.0,1517.0,532.0,2.0,2004.0,7.0,214000.0
2132.0,1496.0,612.0,2.0,1983.0,8.0,316600.0
943.0,943.0,600.0,2.0,1979.0,5.0,135960.0
1728.0,1728.0,576.0,2.0,1965.0,5.0,142600.0
864.0,864.0,288.0,1.0,1959.0,6.0,120000.0
1692.0,846.0,650.0,2.0,2009.0,7.0,224500.0
1430.0,384.0,400.0,2.0,2000.0,7.0,170000.0
1109.0,372.0,288.0,1.0,1971.0,5.0,139000.0
1216.0,832.0,336.0,1.0,1947.0,5.0,118500.0
1477.0,861.0,216.0,1.0,1928.0,7.0,145000.0
1320.0,1164.0,564.0,2.0,1966.0,5.0,164500.0
1392.0,689.0,540.0,2.0,2007.0,7.0,146000.0
1795.0,1050.0,352.0,1.0,1954.0,5.0,131500.0
1429.0,1144.0,572.0,2.0,1960.0,6.0,181900.0
2042.0,2042.0,1390.0,3.0,2008.0,8.0,253293.0
816.0,816.0,0.0,0.0,1990.0,6.0,118500.0
2775.0,1237.0,880.0,2.0,1893.0,10.0,325000.0
1573.0,884.0,240.0,1.0,1935.0,4.0,133000.0
2028.0,1868.0,880.0,3.0,2005.0,8.0,369900.0
838.0,816.0,275.0,1.0,1918.0,6.0,130000.0
860.0,840.0,528.0,2.0,1982.0,5.0,137000.0
1473.0,1437.0,452.0,1.0,1968.0,5.0,143000.0
935.0,742.0,308.0,1.0,1930.0,5.0,79500.0
1582.0,770.0,520.0,2.0,2004.0,7.0,185900.0
2296.0,1722.0,842.0,3.0,2008.0,10.0,451950.0
816.0,816.0,816.0,2.0,1982.0,5.0,138000.0
848.0,848.0,420.0,2.0,2003.0,6.0,140000.0
924.0,924.0,280.0,1.0,1975.0,5.0,110000.0
1826.0,1814.0,758.0,3.0,2005.0,8.0,319000.0
1368.0,684.0,216.0,1.0,1910.0,6.0,114504.0
1402.0,1258.0,648.0,3.0,2006.0,7.0,194201.0
1647.0,1430.0,621.0,2.0,1977.0,5.0,217500.0
1556.0,716.0,452.0,2.0,1980.0,6.0,151000.0
1904.0,1058.0,736.0,2.0,2005.0,8.0,275000.0
1375.0,780.0,544.0,1.0,1937.0,6.0,141000.0
1915.0,908.0,506.0,2.0,1992.0,8.0,220000.0
1200.0,600.0,480.0,2.0,2004.0,7.0,151000.0
1494.0,1494.0,530.0,2.0,2002.0,7.0,221000.0
1986.0,768.0,486.0,2.0,1965.0,7.0,205000.0
1040.0,1040.0,576.0,2.0,1996.0,5.0,152000.0
2008.0,896.0,230.0,1.0,1948.0,5.0,225000.0
3194.0,965.0,380.0,2.0,1934.0,8.0,359100.0
1029.0,1029.0,261.0,1.0,1961.0,4.0,118500.0
2153.0,1440.0,736.0,3.0,2000.0,9.0,313000.0
1032.0,1032.0,564.0,2.0,1978.0,6.0,148000.0
1872.0,1299.0,531.0,2.0,2001.0,8.0,261500.0
1120.0,1120.0,0.0,0.0,2007.0,5.0,147000.0
630.0,630.0,0.0,0.0,1972.0,4.0,75500.0
1054.0,936.0,480.0,2.0,1963.0,6.0,137500.0
1509.0,783.0,393.0,2.0,2002.0,6.0,183200.0
832.0,832.0,528.0,2.0,1954.0,6.0,105500.0
1828.0,1822.0,774.0,3.0,2007.0,9.0,314813.0
2262.0,1482.0,749.0,3.0,2003.0,8.0,305000.0
864.0,864.0,0.0,0.0,1914.0,3.0,67000.0
2614.0,1522.0,624.0,2.0,1974.0,6.0,240000.0
980.0,980.0,484.0,2.0,1977.0,5.0,135000.0
1512.0,756.0,440.0,2.0,2000.0,6.0,168500.0
1790.0,732.0,484.0,2.0,1972.0,6.0,165150.0
1116.0,1116.0,440.0,2.0,1962.0,6.0,160000.0
1422.0,978.0,286.0,1.0,1960.0,5.0,139900.0
1520.0,1156.0,364.0,1.0,1955.0,6.0,153000.0
2080.0,1040.0,504.0,2.0,1969.0,5.0,135000.0
1350.0,1248.0,520.0,2.0,1964.0,6.0,168500.0
1750.0,636.0,240.0,1.0,1880.0,5.0,124000.0
1554.0,1554.0,627.0,2.0,2006.0,8.0,209500.0
1411.0,1386.0,544.0,2.0,1977.0,7.0,82500.0
1056.0,1056.0,260.0,1.0,1954.0,5.0,139400.0
1056.0,1056.0,576.0,2.0,1980.0,6.0,144000.0
3395.0,1440.0,0.0,0.0,1914.0,6.0,200000.0
800.0,264.0,0.0,0.0,1936.0,2.0,60000.0
1387.0,811.0,256.0,1.0,1954.0,5.0,93000.0
796.0,796.0,0.0,0.0,1910.0,5.0,85000.0
1567.0,1520.0,648.0,3.0,2006.0,8.0,264561.0
1518.0,1518.0,588.0,2.0,2003.0,8.0,274000.0
1929.0,1057.0,650.0,2.0,2001.0,7.0,226000.0
2704.0,1952.0,538.0,2.0,1972.0,8.0,345000.0
1620.0,780.0,462.0,2.0,1969.0,5.0,152000.0
1766.0,1766.0,478.0,3.0,2009.0,9.0,370878.0
981.0,981.0,576.0,2.0,1971.0,6.0,143250.0
1048.0,0.0,420.0,2.0,1950.0,5.0,98300.0
1094.0,1094.0,495.0,2.0,1953.0,6.0,155000.0
1839.0,756.0,442.0,2.0,1966.0,6.0,155000.0
630.0,630.0,0.0,0.0,1970.0,4.0,84500.0
1665.0,813.0,562.0,2.0,2007.0,7.0,205950.0
1510.0,755.0,296.0,1.0,1940.0,4.0,108000.0
1716.0,880.0,512.0,2.0,1996.0,7.0,191000.0
1469.0,756.0,216.0,1.0,1906.0,6.0,135000.0
2113.0,2109.0,839.0,3.0,1995.0,8.0,350000.0
1092.0,525.0,264.0,1.0,1971.0,6.0,88000.0
1053.0,1053.0,312.0,1.0,1959.0,5.0,145500.0
1502.0,776.0,270.0,1.0,1931.0,7.0,149000.0
1458.0,912.0,330.0,1.0,1948.0,6.0,97500.0
1486.0,1486.0,480.0,2.0,1964.0,5.0,167000.0
1935.0,793.0,550.0,2.0,1976.0,7.0,197900.0
2448.0,1629.0,711.0,3.0,1994.0,8.0,402000.0
1392.0,1392.0,576.0,2.0,1968.0,6.0,110000.0
1181.0,1138.0,588.0,2.0,1972.0,4.0,137500.0
2097.0,2077.0,1134.0,3.0,2005.0,8.0,423000.0
1936.0,1406.0,504.0,2.0,2000.0,8.0,230500.0
2380.0,1021.0,596.0,2.0,1965.0,6.0,129000.0
1679.0,1408.0,575.0,2.0,1994.0,6.0,193500.0
1437.0,1188.0,576.0,2.0,1956.0,5.0,168000.0
1180.0,700.0,252.0,1.0,1922.0,4.0,137500.0
1476.0,738.0,540.0,2.0,2005.0,6.0,173500.0
1369.0,672.0,300.0,1.0,1925.0,6.0,103600.0
1208.0,1208.0,546.0,2.0,1977.0,6.0,165000.0
1839.0,1477.0,416.0,2.0,1957.0,6.0,257500.0
1136.0,1136.0,384.0,1.0,1965.0,6.0,140000.0
1441.0,855.0,440.0,2.0,1978.0,6.0,148500.0
1774.0,1095.0,779.0,3.0,1900.0,4.0,87000.0
792.0,768.0,240.0,1.0,1924.0,5.0,109500.0
2046.0,2046.0,834.0,3.0,2008.0,8.0,372500.0
988.0,988.0,572.0,2.0,1961.0,5.0,128500.0
923.0,923.0,264.0,1.0,1980.0,6.0,143000.0
1520.0,793.0,281.0,1.0,1932.0,5.0,159434.0
1291.0,1291.0,431.0,2.0,1996.0,6.0,173000.0
1668.0,1626.0,702.0,3.0,2002.0,9.0,285000.0
1839.0,1195.0,486.0,2.0,1998.0,7.0,221000.0
2090.0,1190.0,577.0,2.0,1984.0,7.0,207500.0
1761.0,874.0,578.0,2.0,2007.0,7.0,227875.0
1102.0,551.0,480.0,2.0,2004.0,7.0,148800.0
1419.0,1419.0,567.0,2.0,2007.0,8.0,392000.0
1362.0,1362.0,460.0,2.0,2005.0,6.0,194700.0
848.0,848.0,420.0,2.0,2004.0,6.0,141000.0
4316.0,2444.0,832.0,3.0,1994.0,10.0,755000.0
2519.0,1210.0,628.0,2.0,1989.0,7.0,335000.0
1073.0,1073.0,326.0,1.0,1921.0,5.0,108480.0
1539.0,927.0,576.0,2.0,1936.0,5.0,141500.0
1137.0,1112.0,551.0,2.0,1987.0,6.0,176000.0
616.0,616.0,205.0,1.0,1921.0,5.0,89000.0
1148.0,980.0,308.0,1.0,1952.0,5.0,123500.0
894.0,894.0,336.0,1.0,1965.0,5.0,138500.0
1391.0,1391.0,530.0,2.0,2004.0,7.0,196000.0
1800.0,1800.0,765.0,3.0,2002.0,8.0,312500.0
1164.0,1164.0,528.0,2.0,1969.0,7.0,140000.0
2576.0,1234.0,666.0,3.0,2006.0,8.0,361919.0
1812.0,360.0,672.0,2.0,1900.0,5.0,140000.0
1484.0,1473.0,606.0,2.0,2004.0,7.0,213000.0
1092.0,0.0,0.0,0.0,1930.0,4.0,55000.0
1824.0,1643.0,739.0,2.0,1971.0,7.0,302000.0
1324.0,1324.0,550.0,2.0,2006.0,8.0,254000.0
1456.0,728.0,400.0,2.0,2007.0,7.0,179540.0
904.0,876.0,408.0,1.0,1966.0,5.0,109900.0
729.0,270.0,0.0,0.0,1935.0,3.0,52000.0
1178.0,859.0,384.0,1.0,1900.0,4.0,102776.0
1228.0,1228.0,472.0,2.0,1988.0,8.0,189000.0
960.0,960.0,576.0,2.0,1970.0,4.0,129000.0
1479.0,725.0,475.0,2.0,1976.0,6.0,130500.0
1350.0,1064.0,478.0,2.0,1974.0,6.0,165000.0
2554.0,718.0,704.0,2.0,1890.0,7.0,159500.0
1178.0,1176.0,439.0,2.0,1973.0,5.0,157000.0
2418.0,1311.0,983.0,3.0,1993.0,7.0,341000.0
971.0,971.0,300.0,1.0,1969.0,5.0,128500.0
1742.0,1742.0,564.0,2.0,1985.0,8.0,275000.0
848.0,848.0,420.0,2.0,2004.0,6.0,143000.0
864.0,864.0,463.0,2.0,1970.0,4.0,124500.0
1470.0,941.0,548.0,1.0,1954.0,4.0,135000.0
1698.0,1698.0,768.0,3.0,2007.0,9.0,320000.0
864.0,864.0,660.0,2.0,1970.0,4.0,120500.0
1680.0,880.0,540.0,2.0,1988.0,6.0,222000.0
1232.0,1232.0,632.0,2.0,2007.0,7.0,194500.0
1776.0,1584.0,888.0,3.0,1958.0,5.0,110000.0
1208.0,780.0,539.0,2.0,1925.0,4.0,103000.0
1616.0,1595.0,608.0,2.0,1995.0,8.0,236500.0
1146.0,868.0,438.0,2.0,2003.0,7.0,187500.0
2031.0,1153.0,541.0,2.0,1998.0,7.0,222500.0
1144.0,864.0,264.0,1.0,1961.0,5.0,131400.0
948.0,948.0,300.0,1.0,1968.0,5.0,108000.0
1768.0,880.0,320.0,2.0,1914.0,7.0,163000.0
1040.0,0.0,400.0,2.0,1950.0,3.0,93500.0
1801.0,893.0,800.0,3.0,2005.0,8.0,239900.0
1200.0,1200.0,0.0,0.0,1987.0,5.0,179000.0
1728.0,864.0,572.0,2.0,2004.0,7.0,190000.0
1432.0,264.0,360.0,2.0,1910.0,5.0,132000.0
912.0,912.0,288.0,1.0,1961.0,6.0,142000.0
1349.0,1349.0,539.0,2.0,2000.0,7.0,179000.0
1464.0,520.0,480.0,2.0,1963.0,5.0,175000.0
1337.0,1337.0,462.0,2.0,1993.0,8.0,180000.0
2715.0,1142.0,831.0,2.0,1976.0,8.0,299800.0
2256.0,952.0,554.0,2.0,2000.0,7.0,236000.0
2640.0,1240.0,864.0,4.0,1880.0,7.0,265979.0
1720.0,1720.0,527.0,2.0,1996.0,7.0,260400.0
1529.0,0.0,240.0,1.0,1945.0,4.0,98000.0
1140.0,576.0,0.0,0.0,1910.0,4.0,96500.0
1320.0,660.0,400.0,2.0,2003.0,7.0,162000.0
1494.0,1479.0,576.0,2.0,1997.0,6.0,217000.0
2098.0,1030.0,878.0,3.0,2005.0,8.0,275500.0
1026.0,1026.0,440.0,2.0,1969.0,6.0,156000.0
1471.0,729.0,440.0,2.0,1999.0,6.0,172500.0
1768.0,866.0,578.0,2.0,2007.0,8.0,212000.0
1386.0,672.0,440.0,2.0,1978.0,6.0,158900.0
1501.0,744.0,440.0,2.0,1999.0,7.0,179400.0
2531.0,1318.0,752.0,3.0,1995.0,8.0,290000.0
864.0,864.0,300.0,1.0,1959.0,6.0,127500.0
1301.0,1145.0,440.0,2.0,1924.0,5.0,100000.0
1547.0,756.0,614.0,2.0,2009.0,7.0,215200.0
2365.0,1252.0,856.0,3.0,1999.0,8.0,337000.0
1494.0,1494.0,481.0,2.0,1995.0,8.0,270000.0
1506.0,1498.0,592.0,2.0,2008.0,9.0,264132.0
1714.0,980.0,496.0,2.0,1988.0,7.0,196500.0
1750.0,983.0,423.0,1.0,1940.0,6.0,160000.0
1836.0,1860.0,484.0,2.0,2004.0,7.0,216837.0
3279.0,1650.0,841.0,3.0,2003.0,8.0,538000.0
858.0,858.0,576.0,2.0,1982.0,5.0,134900.0
1220.0,836.0,396.0,2.0,1951.0,4.0,102000.0
1117.0,1029.0,672.0,2.0,1976.0,6.0,107000.0
912.0,912.0,275.0,1.0,1958.0,5.0,114500.0
1973.0,1935.0,895.0,3.0,2006.0,8.0,395000.0
1204.0,1204.0,412.0,2.0,1998.0,6.0,162000.0
1614.0,1614.0,865.0,3.0,2005.0,7.0,221500.0
894.0,864.0,440.0,2.0,1974.0,5.0,142500.0
2020.0,0.0,630.0,2.0,1977.0,5.0,144000.0
1004.0,975.0,504.0,2.0,1977.0,6.0,135000.0
1253.0,1237.0,402.0,2.0,1995.0,7.0,176000.0
1603.0,761.0,484.0,2.0,1992.0,6.0,175900.0
1430.0,1413.0,605.0,2.0,2001.0,7.0,187100.0
1110.0,1097.0,602.0,2.0,1978.0,5.0,165500.0
1484.0,742.0,0.0,0.0,1914.0,6.0,128000.0
1342.0,1372.0,457.0,2.0,1967.0,6.0,161500.0
1652.0,686.0,416.0,1.0,1915.0,5.0,139000.0
2084.0,956.0,618.0,2.0,2004.0,7.0,233000.0
901.0,901.0,281.0,1.0,1954.0,4.0,107900.0
2087.0,832.0,444.0,2.0,1966.0,6.0,187500.0
1145.0,1145.0,397.0,2.0,2005.0,7.0,160200.0
1062.0,1029.0,539.0,2.0,1976.0,6.0,146800.0
2013.0,1117.0,455.0,2.0,1996.0,7.0,269790.0
1496.0,1496.0,474.0,2.0,2007.0,8.0,225000.0
1895.0,712.0,409.0,2.0,1994.0,7.0,194500.0
1564.0,650.0,476.0,2.0,1980.0,6.0,171000.0
1285.0,660.0,528.0,2.0,1977.0,6.0,143500.0
773.0,773.0,240.0,1.0,1953.0,5.0,110000.0
3140.0,1926.0,820.0,3.0,2008.0,9.0,485000.0
1768.0,731.0,240.0,1.0,1937.0,5.0,175000.0
1688.0,616.0,603.0,2.0,1997.0,6.0,200000.0
1196.0,1196.0,440.0,2.0,1916.0,4.0,109900.0
1456.0,728.0,410.0,2.0,2005.0,7.0,189000.0
2822.0,1734.0,1020.0,3.0,2008.0,9.0,582933.0
1128.0,936.0,286.0,1.0,1954.0,5.0,118000.0
1428.0,1417.0,554.0,2.0,2008.0,7.0,227680.0
980.0,980.0,384.0,1.0,1967.0,5.0,135500.0
1576.0,1324.0,528.0,2.0,1923.0,5.0,223500.0
1086.0,1024.0,484.0,2.0,1966.0,5.0,159950.0
2138.0,849.0,360.0,2.0,1898.0,5.0,106000.0
1309.0,1040.0,484.0,2.0,1974.0,6.0,181000.0
848.0,848.0,420.0,2.0,2004.0,6.0,144500.0
1044.0,540.0,504.0,2.0,1952.0,5.0,55993.0
1442.0,1442.0,301.0,1.0,1958.0,6.0,157900.0
1250.0,686.0,280.0,1.0,1918.0,5.0,116000.0
1661.0,1649.0,598.0,2.0,1998.0,7.0,224900.0
1008.0,1008.0,275.0,1.0,1954.0,5.0,137000.0
1689.0,1568.0,857.0,3.0,2002.0,8.0,271000.0
1052.0,1010.0,440.0,2.0,1971.0,6.0,155000.0
1358.0,1358.0,484.0,2.0,2009.0,7.0,224000.0
1640.0,798.0,595.0,2.0,2003.0,7.0,183000.0
936.0,936.0,576.0,2.0,1953.0,4.0,93000.0
1733.0,847.0,433.0,2.0,2003.0,7.0,225000.0
1489.0,778.0,240.0,1.0,1940.0,6.0,139500.0
1489.0,1489.0,776.0,2.0,2006.0,8.0,232600.0
2084.0,2078.0,1220.0,3.0,2007.0,10.0,385000.0
784.0,784.0,0.0,0.0,1924.0,5.0,109500.0
1434.0,1454.0,527.0,2.0,2001.0,7.0,189000.0
2126.0,1013.0,538.0,2.0,1967.0,5.0,185000.0
1223.0,600.0,480.0,2.0,2005.0,7.0,147400.0
1392.0,1392.0,458.0,2.0,1957.0,6.0,166000.0
1200.0,600.0,480.0,2.0,2005.0,7.0,151000.0
1829.0,941.0,613.0,2.0,2003.0,7.0,237000.0
1516.0,1516.0,472.0,2.0,1964.0,6.0,167000.0
1144.0,1144.0,456.0,2.0,1961.0,5.0,139950.0
1067.0,1067.0,436.0,2.0,1950.0,4.0,128000.0
1559.0,1559.0,812.0,2.0,1948.0,5.0,153500.0
987.0,483.0,264.0,1.0,1973.0,6.0,100000.0
1099.0,1099.0,352.0,1.0,1995.0,5.0,144000.0
1200.0,768.0,240.0,1.0,1946.0,5.0,130500.0
1482.0,672.0,400.0,1.0,1925.0,6.0,140000.0
1539.0,650.0,686.0,2.0,1904.0,5.0,157500.0
1165.0,1127.0,490.0,2.0,1966.0,6.0,174900.0
1800.0,1800.0,0.0,0.0,1961.0,5.0,141000.0
1416.0,876.0,720.0,3.0,1915.0,5.0,153900.0
1701.0,1390.0,611.0,2.0,1975.0,5.0,171000.0
1775.0,740.0,425.0,2.0,1993.0,7.0,213000.0
864.0,864.0,338.0,1.0,1972.0,5.0,133500.0
2358.0,907.0,360.0,2.0,1908.0,6.0,240000.0
1855.0,528.0,512.0,2.0,1976.0,6.0,187000.0
848.0,848.0,420.0,2.0,2003.0,6.0,131500.0
1456.0,1273.0,400.0,2.0,2003.0,8.0,215000.0
1646.0,918.0,240.0,1.0,1941.0,7.0,164000.0
1445.0,1127.0,645.0,2.0,1964.0,6.0,158000.0
1779.0,1763.0,454.0,2.0,1955.0,5.0,170000.0
1040.0,1040.0,260.0,1.0,1962.0,5.0,127000.0
1026.0,940.0,576.0,2.0,1978.0,6.0,147000.0
1481.0,702.0,343.0,2.0,1994.0,6.0,174000.0
1370.0,1090.0,479.0,2.0,1976.0,7.0,152000.0
2654.0,1054.0,619.0,2.0,1968.0,6.0,250000.0
1426.0,912.0,216.0,1.0,1918.0,7.0,189950.0
1039.0,1039.0,504.0,2.0,1965.0,5.0,131500.0
1097.0,1040.0,480.0,2.0,1984.0,6.0,152000.0
1148.0,1148.0,672.0,1.0,1959.0,5.0,132500.0
1372.0,1372.0,529.0,2.0,2007.0,7.0,250580.0
1002.0,1002.0,902.0,2.0,1970.0,5.0,148500.0
1646.0,1638.0,870.0,3.0,2006.0,8.0,248900.0
1120.0,1040.0,544.0,2.0,1961.0,4.0,129000.0
2320.0,0.0,672.0,2.0,1948.0,5.0,169000.0
1949.0,1050.0,574.0,2.0,1993.0,7.0,236000.0
894.0,894.0,308.0,1.0,1962.0,5.0,109500.0
1682.0,804.0,523.0,2.0,1998.0,6.0,200500.0
910.0,105.0,414.0,2.0,1953.0,5.0,116000.0
1268.0,832.0,288.0,1.0,1949.0,5.0,133000.0
1131.0,676.0,200.0,1.0,1941.0,5.0,66500.0
2610.0,1184.0,550.0,2.0,2007.0,8.0,303477.0
1040.0,1064.0,648.0,2.0,1963.0,4.0,132250.0
2224.0,1462.0,738.0,3.0,2004.0,9.0,350000.0
1155.0,1109.0,576.0,2.0,1961.0,5.0,148000.0
864.0,864.0,336.0,1.0,1978.0,5.0,136500.0
1090.0,1090.0,450.0,2.0,2005.0,5.0,157000.0
1717.0,1156.0,400.0,2.0,1990.0,7.0,187500.0
1593.0,808.0,389.0,2.0,1992.0,6.0,178000.0
2230.0,795.0,440.0,1.0,1912.0,4.0,118500.0
892.0,892.0,288.0,1.0,1967.0,5.0,100000.0
1709.0,1698.0,506.0,2.0,1999.0,9.0,328900.0
1712.0,1626.0,588.0,2.0,1959.0,5.0,145000.0
1393.0,816.0,300.0,1.0,1955.0,5.0,135500.0
2217.0,2217.0,621.0,2.0,1970.0,8.0,268000.0
1505.0,1505.0,505.0,2.0,1953.0,6.0,149500.0
924.0,672.0,576.0,2.0,1949.0,5.0,122900.0
1683.0,918.0,440.0,2.0,1978.0,6.0,172500.0
1068.0,1059.0,264.0,1.0,1963.0,6.0,154500.0
1383.0,1383.0,354.0,1.0,1954.0,5.0,165000.0
1535.0,0.0,400.0,2.0,1979.0,5.0,118858.0
1796.0,780.0,483.0,2.0,1963.0,6.0,140000.0
951.0,951.0,327.0,1.0,1936.0,4.0,106500.0
2240.0,0.0,528.0,2.0,1979.0,5.0,142953.0
2364.0,2330.0,820.0,3.0,2009.0,9.0,611657.0
1236.0,912.0,288.0,1.0,1961.0,5.0,135000.0
858.0,858.0,684.0,1.0,1971.0,4.0,110000.0
1306.0,992.0,756.0,1.0,1957.0,5.0,153000.0
1509.0,783.0,393.0,2.0,2003.0,7.0,180000.0
1670.0,1670.0,690.0,3.0,2006.0,7.0,240000.0
902.0,876.0,288.0,1.0,1967.0,5.0,125500.0
1063.0,1056.0,280.0,1.0,1954.0,5.0,128000.0
1636.0,1623.0,865.0,3.0,2006.0,8.0,255000.0
2057.0,1017.0,180.0,1.0,1936.0,7.0,250000.0
902.0,864.0,484.0,2.0,1983.0,5.0,131000.0
1484.0,742.0,390.0,2.0,2005.0,6.0,174000.0
2274.0,1105.0,480.0,2.0,1960.0,5.0,154300.0
1268.0,1268.0,252.0,1.0,1977.0,5.0,143500.0
1015.0,768.0,450.0,1.0,1925.0,5.0,88000.0
2002.0,1001.0,871.0,3.0,1949.0,5.0,145000.0
1224.0,612.0,528.0,2.0,2009.0,6.0,173733.0
1092.0,546.0,286.0,1.0,1970.0,4.0,75000.0
480.0,480.0,308.0,1.0,1949.0,2.0,35311.0
1229.0,1134.0,284.0,1.0,1956.0,4.0,135000.0
2127.0,1104.0,833.0,3.0,1991.0,7.0,238000.0
1414.0,1184.0,601.0,2.0,1958.0,6.0,176500.0
1721.0,928.0,471.0,2.0,1994.0,6.0,201000.0
2200.0,1272.0,0.0,0.0,1900.0,5.0,145900.0
1316.0,1316.0,397.0,2.0,2005.0,6.0,169990.0
1617.0,1604.0,533.0,2.0,1993.0,6.0,193000.0
1686.0,1686.0,612.0,2.0,1980.0,6.0,207500.0
1126.0,1126.0,540.0,2.0,1977.0,5.0,175000.0
2374.0,1181.0,656.0,3.0,2003.0,8.0,285000.0
1978.0,832.0,486.0,2.0,1968.0,7.0,176000.0
1788.0,1753.0,522.0,2.0,2001.0,8.0,236500.0
2236.0,964.0,642.0,2.0,1997.0,7.0,222000.0
1466.0,1466.0,610.0,3.0,2007.0,8.0,201000.0
925.0,925.0,429.0,1.0,1965.0,5.0,117500.0
1905.0,1905.0,788.0,3.0,2006.0,9.0,320000.0
1500.0,1500.0,570.0,2.0,2004.0,7.0,190000.0
2069.0,585.0,505.0,2.0,1960.0,7.0,242000.0
747.0,600.0,528.0,2.0,1926.0,4.0,79900.0
1200.0,1176.0,555.0,2.0,2003.0,7.0,184900.0
1971.0,1113.0,689.0,2.0,2005.0,7.0,253000.0
1962.0,1391.0,868.0,3.0,2006.0,7.0,239799.0
2403.0,1032.0,349.0,1.0,1940.0,7.0,244400.0
1728.0,1728.0,574.0,2.0,1976.0,6.0,150900.0
2060.0,992.0,390.0,2.0,1999.0,7.0,214000.0
1440.0,1440.0,0.0,0.0,1977.0,4.0,150000.0
1632.0,1632.0,576.0,2.0,1967.0,5.0,143000.0
1344.0,819.0,525.0,2.0,1958.0,6.0,137500.0
1869.0,1088.0,456.0,2.0,1890.0,5.0,124900.0
1144.0,1144.0,796.0,1.0,1959.0,5.0,143000.0
1629.0,1616.0,808.0,3.0,2002.0,8.0,270000.0
1776.0,936.0,474.0,2.0,2002.0,7.0,192500.0
1381.0,1161.0,676.0,2.0,1972.0,6.0,197500.0
864.0,864.0,720.0,2.0,1950.0,5.0,129000.0
965.0,828.0,300.0,1.0,1965.0,5.0,119900.0
768.0,768.0,396.0,1.0,1972.0,5.0,133900.0
1968.0,784.0,530.0,2.0,1969.0,5.0,172000.0
980.0,945.0,0.0,0.0,1975.0,6.0,127500.0
1958.0,979.0,492.0,2.0,1946.0,6.0,145000.0
1229.0,561.0,462.0,2.0,1980.0,6.0,124000.0
1057.0,1057.0,576.0,2.0,1962.0,5.0,132000.0
1337.0,1337.0,531.0,2.0,2003.0,7.0,185000.0
1416.0,696.0,484.0,2.0,1999.0,7.0,155000.0
858.0,858.0,0.0,0.0,1958.0,5.0,116500.0
2872.0,1330.0,619.0,2.0,1977.0,6.0,272000.0
1548.0,804.0,440.0,2.0,1976.0,6.0,155000.0
1800.0,1800.0,702.0,2.0,2007.0,9.0,239000.0
1894.0,817.0,510.0,2.0,2002.0,7.0,214900.0
1484.0,783.0,393.0,2.0,2005.0,6.0,178900.0
1308.0,728.0,256.0,1.0,1940.0,5.0,160000.0
1098.0,1098.0,260.0,1.0,1955.0,5.0,135000.0
968.0,600.0,0.0,0.0,1910.0,3.0,37900.0
1095.0,588.0,264.0,1.0,1958.0,6.0,140000.0
1192.0,720.0,0.0,0.0,1949.0,4.0,135000.0
1626.0,764.0,474.0,2.0,2003.0,7.0,173000.0
918.0,918.0,264.0,1.0,1979.0,6.0,99500.0
1428.0,1428.0,480.0,2.0,2007.0,7.0,182000.0
2019.0,728.0,532.0,2.0,1910.0,7.0,167500.0
1382.0,673.0,490.0,2.0,2000.0,7.0,165000.0
869.0,440.0,0.0,0.0,1923.0,4.0,85500.0
1241.0,1241.0,569.0,2.0,2006.0,7.0,199900.0
894.0,894.0,400.0,2.0,1954.0,4.0,110000.0
1121.0,1121.0,480.0,2.0,1963.0,5.0,139000.0
999.0,944.0,588.0,2.0,1961.0,7.0,178400.0
2612.0,1225.0,676.0,3.0,1998.0,8.0,336000.0
1266.0,1266.0,388.0,2.0,2007.0,7.0,159895.0
2290.0,1128.0,779.0,2.0,2002.0,8.0,255900.0
1734.0,0.0,539.0,2.0,1977.0,5.0,126000.0
1164.0,1164.0,240.0,1.0,1950.0,5.0,125000.0
1635.0,485.0,255.0,1.0,1910.0,6.0,117000.0
1940.0,1930.0,606.0,3.0,2009.0,9.0,395192.0
2030.0,848.0,551.0,2.0,1976.0,6.0,195000.0
1576.0,770.0,614.0,2.0,2006.0,7.0,197000.0
2392.0,1396.0,870.0,3.0,1997.0,8.0,348000.0
1742.0,916.0,424.0,2.0,1882.0,8.0,168000.0
1851.0,822.0,440.0,2.0,1964.0,6.0,187000.0
1500.0,750.0,564.0,2.0,2005.0,6.0,173900.0
1718.0,1700.0,786.0,3.0,2006.0,10.0,337500.0
1230.0,747.0,305.0,1.0,1946.0,4.0,121600.0
1050.0,1050.0,368.0,1.0,1961.0,5.0,136500.0
1442.0,1442.0,615.0,2.0,1970.0,6.0,185000.0
1077.0,1007.0,210.0,1.0,1922.0,3.0,91000.0
1208.0,1187.0,632.0,2.0,2006.0,7.0,206000.0
944.0,0.0,528.0,2.0,1952.0,3.0,82000.0
691.0,691.0,216.0,1.0,1920.0,5.0,86000.0
1574.0,1574.0,824.0,3.0,2006.0,8.0,232000.0
1680.0,1680.0,528.0,2.0,1976.0,5.0,136905.0
1504.0,1346.0,457.0,2.0,2005.0,7.0,181000.0
985.0,985.0,328.0,1.0,1977.0,5.0,149900.0
1657.0,1657.0,484.0,2.0,1970.0,6.0,163500.0
1092.0,546.0,286.0,1.0,1970.0,4.0,88000.0
1710.0,1710.0,550.0,2.0,2004.0,7.0,240000.0
1522.0,1008.0,0.0,0.0,1926.0,5.0,102000.0
1271.0,720.0,312.0,1.0,1948.0,5.0,135000.0
1664.0,0.0,0.0,0.0,1965.0,5.0,100000.0
1502.0,602.0,180.0,1.0,1923.0,6.0,165000.0
1022.0,1022.0,280.0,1.0,1910.0,5.0,85000.0
1082.0,1082.0,240.0,1.0,1948.0,6.0,119200.0
1665.0,810.0,528.0,2.0,2001.0,8.0,227000.0
1504.0,1504.0,478.0,2.0,1996.0,7.0,203000.0
1360.0,1220.0,565.0,2.0,1984.0,8.0,187500.0
1472.0,384.0,402.0,2.0,1991.0,7.0,160000.0
1506.0,1362.0,440.0,2.0,2005.0,7.0,213490.0
1132.0,1132.0,451.0,2.0,2005.0,4.0,176000.0
1220.0,1199.0,632.0,2.0,2006.0,7.0,194000.0
1248.0,912.0,160.0,1.0,1930.0,5.0,87000.0
1504.0,1346.0,437.0,2.0,2005.0,7.0,191000.0
2898.0,1565.0,665.0,2.0,1976.0,8.0,287000.0
882.0,882.0,461.0,2.0,1972.0,5.0,112500.0
1264.0,1268.0,461.0,2.0,1960.0,5.0,167500.0
1646.0,1638.0,800.0,3.0,2007.0,8.0,293077.0
1376.0,768.0,240.0,1.0,1941.0,5.0,105000.0
1218.0,672.0,264.0,1.0,1972.0,6.0,118000.0
1928.0,686.0,0.0,0.0,1916.0,5.0,160000.0
3082.0,824.0,672.0,2.0,1920.0,7.0,197000.0
2520.0,1338.0,796.0,3.0,1993.0,8.0,310000.0
1654.0,1654.0,900.0,3.0,2002.0,7.0,230000.0
954.0,920.0,240.0,1.0,1938.0,5.0,119750.0
845.0,0.0,290.0,1.0,1957.0,4.0,84000.0
1620.0,1620.0,912.0,3.0,2007.0,9.0,315500.0
2263.0,1055.0,905.0,2.0,2001.0,8.0,287000.0
1344.0,546.0,0.0,0.0,1970.0,4.0,97000.0
630.0,630.0,286.0,1.0,1970.0,4.0,80000.0
1803.0,1134.0,484.0,2.0,1957.0,5.0,155000.0
1632.0,800.0,484.0,2.0,1966.0,6.0,173000.0
1306.0,1306.0,624.0,2.0,2005.0,6.0,196000.0
2329.0,1475.0,514.0,2.0,1990.0,7.0,262280.0
2524.0,2524.0,542.0,2.0,1981.0,8.0,278000.0
1733.0,0.0,452.0,2.0,1955.0,3.0,139600.0
2868.0,1992.0,716.0,3.0,2005.0,9.0,556581.0
990.0,990.0,672.0,2.0,1994.0,5.0,145000.0
1771.0,0.0,336.0,2.0,1960.0,5.0,115000.0
930.0,0.0,308.0,1.0,1946.0,4.0,84900.0
1302.0,1302.0,436.0,2.0,2007.0,7.0,176485.0
1316.0,1316.0,440.0,2.0,2007.0,7.0,200141.0
1977.0,816.0,540.0,2.0,1964.0,6.0,165000.0
1526.0,1216.0,364.0,1.0,1957.0,5.0,144500.0
1989.0,1065.0,586.0,2.0,2002.0,8.0,255000.0
1523.0,1193.0,478.0,2.0,1976.0,6.0,180000.0
1364.0,1364.0,484.0,2.0,2005.0,7.0,185850.0
1850.0,973.0,467.0,2.0,1994.0,7.0,248000.0
2184.0,1104.0,836.0,3.0,2008.0,9.0,335000.0
1991.0,854.0,432.0,2.0,1932.0,6.0,220000.0
1338.0,1338.0,582.0,2.0,2001.0,8.0,213500.0
894.0,894.0,1248.0,3.0,1935.0,3.0,81000.0
2337.0,662.0,560.0,2.0,1900.0,5.0,90000.0
1103.0,1103.0,440.0,2.0,1925.0,6.0,110500.0
1154.0,1154.0,480.0,2.0,1966.0,5.0,154000.0
2260.0,1306.0,533.0,2.0,1996.0,7.0,328000.0
1571.0,799.0,380.0,2.0,1993.0,6.0,178000.0
1611.0,780.0,442.0,2.0,1964.0,6.0,167900.0
2521.0,942.0,576.0,2.0,1973.0,6.0,151400.0
893.0,845.0,576.0,2.0,1949.0,5.0,135000.0
1048.0,1048.0,286.0,1.0,1956.0,5.0,135000.0
1556.0,727.0,441.0,2.0,1968.0,6.0,154000.0
1456.0,810.0,280.0,1.0,1948.0,5.0,91500.0
1426.0,690.0,440.0,2.0,1977.0,6.0,159500.0
1240.0,1240.0,826.0,3.0,2006.0,7.0,194000.0
1740.0,800.0,240.0,1.0,1940.0,7.0,219500.0
1466.0,796.0,566.0,2.0,1936.0,5.0,170000.0
1096.0,1096.0,299.0,1.0,1969.0,5.0,138800.0
848.0,848.0,420.0,2.0,2004.0,6.0,155900.0
990.0,990.0,299.0,1.0,1994.0,5.0,126000.0
1258.0,1258.0,528.0,2.0,1971.0,6.0,145000.0
1040.0,1040.0,308.0,1.0,1963.0,5.0,133000.0
1459.0,1459.0,527.0,2.0,2002.0,7.0,192000.0
1251.0,1251.0,461.0,1.0,1964.0,6.0,160000.0
1498.0,691.0,409.0,2.0,1995.0,6.0,187500.0
996.0,936.0,564.0,2.0,1992.0,6.0,147000.0
1092.0,546.0,286.0,1.0,1973.0,4.0,83500.0
1953.0,1082.0,1043.0,3.0,2005.0,8.0,252000.0
1709.0,970.0,380.0,2.0,2004.0,7.0,137500.0
1247.0,1247.0,550.0,2.0,2005.0,8.0,197000.0
1040.0,0.0,400.0,2.0,1950.0,3.0,92900.0
1252.0,600.0,462.0,2.0,1999.0,7.0,160000.0
1694.0,1181.0,576.0,2.0,1925.0,6.0,136500.0
1200.0,864.0,884.0,2.0,1965.0,5.0,146000.0
936.0,936.0,308.0,1.0,1956.0,5.0,129000.0
1314.0,1314.0,440.0,2.0,2006.0,6.0,176432.0
1355.0,684.0,0.0,0.0,1914.0,6.0,127000.0
1088.0,1074.0,461.0,2.0,1986.0,8.0,170000.0
1324.0,672.0,240.0,1.0,1936.0,4.0,128000.0
1601.0,1271.0,478.0,2.0,1978.0,7.0,157000.0
438.0,290.0,246.0,1.0,1920.0,2.0,60000.0
950.0,950.0,280.0,1.0,1971.0,5.0,119500.0
1134.0,1010.0,254.0,1.0,1960.0,5.0,135000.0
1194.0,655.0,539.0,2.0,1959.0,6.0,159500.0
1302.0,630.0,440.0,2.0,1970.0,5.0,106000.0
2622.0,1463.0,712.0,2.0,1994.0,8.0,325000.0
1442.0,910.0,719.0,2.0,1990.0,7.0,179900.0
2021.0,868.0,422.0,2.0,2006.0,7.0,274725.0
1690.0,924.0,463.0,2.0,2000.0,6.0,181000.0
1836.0,1836.0,862.0,3.0,2004.0,8.0,280000.0
1658.0,773.0,431.0,2.0,1995.0,6.0,188000.0
1964.0,803.0,483.0,2.0,1976.0,7.0,205000.0
816.0,816.0,308.0,1.0,1957.0,5.0,129900.0
1008.0,1008.0,240.0,1.0,1953.0,5.0,134500.0
833.0,833.0,326.0,1.0,1954.0,5.0,117000.0
1734.0,1734.0,928.0,3.0,2007.0,8.0,318000.0
1419.0,408.0,527.0,2.0,2002.0,8.0,184100.0
894.0,894.0,450.0,2.0,1967.0,5.0,130000.0
1601.0,533.0,300.0,1.0,1958.0,5.0,140000.0
1040.0,1040.0,286.0,1.0,1959.0,5.0,133700.0
1012.0,1012.0,308.0,1.0,1920.0,6.0,118400.0
1552.0,1552.0,782.0,3.0,2005.0,7.0,212900.0
960.0,672.0,288.0,1.0,1956.0,4.0,112000.0
698.0,698.0,0.0,0.0,1947.0,5.0,118000.0
1482.0,384.0,392.0,2.0,1992.0,7.0,163900.0
1005.0,1005.0,672.0,2.0,1955.0,4.0,115000.0
1555.0,1373.0,660.0,3.0,2007.0,7.0,174000.0
1530.0,1530.0,630.0,3.0,2004.0,7.0,259000.0
1959.0,847.0,434.0,2.0,2004.0,7.0,215000.0
936.0,936.0,672.0,2.0,1980.0,5.0,140000.0
1981.0,1122.0,576.0,2.0,1928.0,4.0,135000.0
974.0,974.0,0.0,0.0,1991.0,5.0,93500.0
2210.0,1008.0,205.0,1.0,1880.0,6.0,117500.0
2020.0,1128.0,466.0,2.0,1995.0,8.0,239500.0
1600.0,916.0,460.0,2.0,1997.0,6.0,169000.0
986.0,960.0,180.0,1.0,1926.0,6.0,102000.0
1252.0,1032.0,288.0,1.0,1950.0,6.0,119000.0
1020.0,780.0,0.0,0.0,1875.0,5.0,94000.0
1567.0,1567.0,714.0,2.0,1977.0,6.0,196000.0
1167.0,915.0,495.0,2.0,1920.0,5.0,144000.0
952.0,952.0,840.0,2.0,1951.0,5.0,139000.0
1868.0,780.0,484.0,2.0,1976.0,5.0,197500.0
2828.0,1466.0,1052.0,3.0,2006.0,8.0,424870.0
1006.0,1006.0,0.0,0.0,1959.0,5.0,80000.0
924.0,672.0,280.0,1.0,1941.0,4.0,80000.0
1576.0,1042.0,225.0,1.0,1928.0,5.0,149000.0
1298.0,1298.0,403.0,2.0,1985.0,6.0,180000.0
1564.0,704.0,234.0,1.0,1941.0,7.0,174500.0
1111.0,572.0,288.0,1.0,1926.0,7.0,116900.0
1482.0,650.0,324.0,2.0,1920.0,7.0,143000.0
932.0,932.0,306.0,1.0,1950.0,6.0,124000.0
1466.0,1466.0,528.0,2.0,1959.0,5.0,149900.0
1811.0,1073.0,470.0,2.0,1956.0,6.0,230000.0
816.0,816.0,432.0,1.0,1930.0,6.0,120500.0
1820.0,864.0,492.0,2.0,1965.0,7.0,201800.0
1437.0,1437.0,528.0,2.0,1976.0,5.0,218000.0
1265.0,1219.0,502.0,2.0,1965.0,5.0,179900.0
1314.0,1314.0,626.0,2.0,2007.0,7.0,230000.0
1580.0,1580.0,830.0,3.0,2007.0,8.0,235128.0
1876.0,901.0,540.0,2.0,1974.0,6.0,185000.0
1456.0,855.0,440.0,2.0,1978.0,6.0,146000.0
1640.0,1296.0,924.0,2.0,1954.0,6.0,224000.0
894.0,894.0,450.0,2.0,1968.0,5.0,129000.0
1258.0,1198.0,400.0,2.0,1969.0,4.0,108959.0
1432.0,1360.0,588.0,2.0,1978.0,5.0,194000.0
1502.0,1502.0,644.0,2.0,2009.0,7.0,233170.0
1694.0,1694.0,776.0,3.0,2008.0,8.0,245350.0
1671.0,959.0,472.0,2.0,2000.0,6.0,173000.0
2108.0,1127.0,540.0,2.0,1935.0,6.0,235000.0
3627.0,1930.0,807.0,3.0,1995.0,10.0,625000.0
1118.0,1096.0,358.0,1.0,1977.0,6.0,171000.0
1261.0,1261.0,433.0,2.0,1958.0,6.0,163000.0
1250.0,625.0,625.0,2.0,2006.0,7.0,171900.0
3086.0,1598.0,0.0,0.0,1946.0,5.0,200500.0
2345.0,952.0,360.0,2.0,1932.0,6.0,239000.0
2872.0,1683.0,541.0,2.0,1992.0,8.0,285000.0
923.0,876.0,264.0,1.0,1984.0,5.0,119500.0
1224.0,818.0,210.0,1.0,1926.0,6.0,115000.0
1343.0,731.0,186.0,1.0,1921.0,5.0,154900.0
1124.0,0.0,0.0,0.0,1954.0,5.0,93000.0
2514.0,1216.0,693.0,2.0,1990.0,7.0,250000.0
1652.0,1600.0,482.0,2.0,2008.0,8.0,392500.0
4476.0,2396.0,813.0,3.0,1996.0,10.0,745000.0
1130.0,1120.0,720.0,2.0,1920.0,5.0,120000.0
1572.0,1572.0,995.0,3.0,1963.0,5.0,186700.0
1221.0,784.0,392.0,1.0,1924.0,5.0,104900.0
1699.0,978.0,420.0,2.0,1900.0,3.0,95000.0
1624.0,1624.0,757.0,3.0,1994.0,8.0,262000.0
1660.0,831.0,493.0,2.0,2002.0,7.0,195000.0
1804.0,994.0,442.0,2.0,1999.0,7.0,189000.0
1622.0,1249.0,1356.0,4.0,1961.0,4.0,168000.0
1441.0,776.0,492.0,2.0,1999.0,8.0,174000.0
1472.0,702.0,250.0,1.0,1925.0,5.0,125000.0
1224.0,1224.0,402.0,2.0,1999.0,6.0,165000.0
1352.0,663.0,299.0,1.0,1969.0,6.0,158000.0
1456.0,728.0,400.0,2.0,2005.0,6.0,176000.0
1863.0,879.0,660.0,3.0,2006.0,7.0,219210.0
1690.0,815.0,225.0,1.0,1916.0,7.0,144000.0
1212.0,1212.0,573.0,2.0,2001.0,7.0,178000.0
1382.0,1051.0,459.0,2.0,1963.0,4.0,148000.0
864.0,864.0,280.0,1.0,1970.0,4.0,116050.0
1779.0,866.0,546.0,2.0,1998.0,7.0,197900.0
1348.0,884.0,216.0,1.0,1925.0,5.0,117000.0
1630.0,1630.0,451.0,2.0,2000.0,7.0,213000.0
1074.0,1056.0,495.0,2.0,1975.0,5.0,153500.0
2196.0,2158.0,701.0,3.0,1990.0,7.0,271900.0
1056.0,1056.0,384.0,1.0,1966.0,4.0,107000.0
1700.0,1682.0,544.0,2.0,2003.0,6.0,200000.0
1283.0,931.0,506.0,2.0,1962.0,5.0,140000.0
1660.0,1660.0,500.0,2.0,2006.0,8.0,290000.0
1845.0,1055.0,462.0,2.0,1992.0,6.0,189000.0
1752.0,559.0,492.0,2.0,1988.0,8.0,164000.0
672.0,672.0,234.0,1.0,1941.0,4.0,113000.0
960.0,648.0,364.0,1.0,1965.0,4.0,145000.0
999.0,925.0,300.0,1.0,1962.0,5.0,134500.0
894.0,894.0,384.0,1.0,1966.0,5.0,125000.0
1902.0,0.0,539.0,2.0,1978.0,6.0,112000.0
1314.0,1300.0,552.0,2.0,2009.0,8.0,229456.0
912.0,0.0,0.0,0.0,1947.0,4.0,80500.0
1218.0,672.0,0.0,0.0,1971.0,6.0,91500.0
912.0,912.0,288.0,1.0,1964.0,5.0,115000.0
1211.0,952.0,322.0,1.0,1968.0,5.0,134000.0
1846.0,1040.0,315.0,1.0,1949.0,6.0,143000.0
2136.0,2136.0,528.0,2.0,1951.0,5.0,137900.0
1490.0,788.0,388.0,2.0,2004.0,7.0,184000.0
1138.0,588.0,264.0,1.0,1958.0,6.0,145000.0
1933.0,894.0,668.0,3.0,2007.0,6.0,214000.0
912.0,912.0,576.0,2.0,1965.0,5.0,147000.0
1702.0,1702.0,1052.0,3.0,2008.0,9.0,367294.0
1507.0,1075.0,404.0,1.0,1960.0,5.0,127000.0
2620.0,1361.0,600.0,2.0,1977.0,5.0,190000.0
1190.0,1106.0,540.0,2.0,1962.0,5.0,132500.0
1224.0,0.0,462.0,2.0,1962.0,4.0,101800.0
1188.0,1188.0,531.0,2.0,1959.0,5.0,142000.0
1964.0,940.0,0.0,0.0,1911.0,5.0,130000.0
1784.0,747.0,180.0,1.0,1914.0,5.0,138887.0
1626.0,764.0,474.0,2.0,2003.0,7.0,175500.0
1948.0,847.0,434.0,2.0,2004.0,7.0,195000.0
1141.0,1141.0,484.0,2.0,2005.0,6.0,142500.0
1484.0,1476.0,472.0,2.0,2006.0,8.0,265900.0
1768.0,884.0,543.0,2.0,2003.0,7.0,224900.0
1689.0,1689.0,954.0,3.0,2007.0,7.0,248328.0
1173.0,1053.0,528.0,2.0,1974.0,7.0,170000.0
2076.0,2076.0,850.0,3.0,2006.0,10.0,465000.0
1517.0,792.0,400.0,2.0,1929.0,8.0,230000.0
1868.0,585.0,477.0,2.0,1984.0,6.0,178000.0
1553.0,756.0,615.0,2.0,2005.0,7.0,186500.0
1034.0,1012.0,888.0,3.0,1976.0,6.0,169900.0
2058.0,735.0,396.0,2.0,1917.0,6.0,129500.0
988.0,876.0,276.0,1.0,1950.0,5.0,119000.0
2110.0,2110.0,522.0,2.0,1968.0,7.0,244000.0
1405.0,1405.0,478.0,2.0,2003.0,7.0,171750.0
874.0,864.0,288.0,1.0,1968.0,5.0,130000.0
2167.0,1192.0,518.0,2.0,1974.0,7.0,294000.0
1656.0,746.0,397.0,2.0,2003.0,7.0,165400.0
1367.0,884.0,560.0,1.0,1931.0,6.0,127500.0
1987.0,1986.0,691.0,2.0,1994.0,8.0,301500.0
864.0,864.0,0.0,0.0,1922.0,5.0,99900.0
1166.0,856.0,400.0,2.0,2005.0,7.0,190000.0
1054.0,1054.0,460.0,2.0,1969.0,6.0,151000.0
1675.0,841.0,502.0,2.0,1999.0,6.0,181000.0
1050.0,1050.0,338.0,1.0,1956.0,5.0,128900.0
1788.0,1104.0,304.0,1.0,1957.0,4.0,161500.0
1824.0,764.0,520.0,2.0,1919.0,6.0,180500.0
1337.0,1405.0,511.0,2.0,1998.0,6.0,181000.0
1452.0,691.0,506.0,2.0,1999.0,7.0,183900.0
1889.0,925.0,308.0,1.0,1910.0,7.0,122000.0
2018.0,2002.0,746.0,3.0,2008.0,9.0,378500.0
3447.0,728.0,1014.0,3.0,1935.0,8.0,381000.0
1524.0,874.0,315.0,1.0,1958.0,5.0,144000.0
1524.0,1332.0,586.0,2.0,1979.0,7.0,260000.0
1489.0,1489.0,462.0,2.0,1968.0,6.0,185750.0
935.0,935.0,288.0,1.0,1965.0,5.0,137000.0
1357.0,1019.0,312.0,1.0,1959.0,6.0,177000.0
1250.0,661.0,552.0,2.0,1910.0,5.0,139000.0
1920.0,928.0,400.0,2.0,1948.0,5.0,137000.0
1395.0,723.0,497.0,2.0,1972.0,6.0,162000.0
1724.0,1680.0,480.0,2.0,1967.0,6.0,197900.0
2031.0,1128.0,577.0,2.0,2002.0,8.0,237000.0
1128.0,698.0,528.0,2.0,1920.0,4.0,68400.0
1573.0,1573.0,544.0,2.0,2002.0,7.0,227000.0
1339.0,1309.0,484.0,2.0,1990.0,7.0,180000.0
1040.0,1040.0,484.0,2.0,1977.0,5.0,150500.0
1824.0,912.0,0.0,0.0,1971.0,6.0,139000.0
2447.0,804.0,336.0,1.0,1919.0,6.0,169000.0
1412.0,780.0,280.0,1.0,1939.0,6.0,132500.0
1328.0,1328.0,528.0,2.0,1963.0,6.0,143000.0
1582.0,1624.0,390.0,2.0,1964.0,5.0,190000.0
1659.0,1501.0,499.0,2.0,2000.0,8.0,278000.0
1970.0,1085.0,753.0,3.0,2006.0,8.0,281000.0
1152.0,1152.0,484.0,2.0,1964.0,5.0,180500.0
1302.0,630.0,264.0,1.0,1972.0,5.0,119500.0
2372.0,994.0,432.0,1.0,1892.0,5.0,107500.0
1664.0,832.0,528.0,2.0,1976.0,7.0,162900.0
864.0,864.0,572.0,2.0,1955.0,5.0,115000.0
1052.0,1052.0,288.0,1.0,1968.0,5.0,138500.0
1128.0,1120.0,525.0,2.0,1963.0,5.0,155000.0
1072.0,547.0,525.0,2.0,2005.0,6.0,140000.0
5642.0,6110.0,1418.0,2.0,2008.0,10.0,160000.0
1246.0,1246.0,305.0,1.0,1959.0,5.0,154000.0
1983.0,978.0,490.0,2.0,1999.0,7.0,225000.0
1494.0,771.0,213.0,1.0,1942.0,6.0,177500.0
2526.0,1165.0,844.0,3.0,1994.0,8.0,290000.0
1616.0,1616.0,834.0,3.0,2005.0,7.0,232000.0
1708.0,976.0,380.0,2.0,2004.0,7.0,130000.0
1652.0,1652.0,840.0,2.0,2006.0,9.0,325000.0
1368.0,1368.0,474.0,2.0,2005.0,7.0,202500.0
990.0,990.0,480.0,2.0,1994.0,5.0,138000.0
1122.0,924.0,528.0,2.0,1948.0,5.0,147000.0
1294.0,1278.0,496.0,2.0,1991.0,6.0,179200.0
1902.0,1902.0,567.0,2.0,1959.0,7.0,335000.0
1274.0,1274.0,508.0,2.0,2005.0,7.0,203000.0
2810.0,1453.0,750.0,2.0,1990.0,8.0,302000.0
2599.0,1393.0,779.0,3.0,1999.0,9.0,333168.0
948.0,948.0,280.0,1.0,1954.0,4.0,119000.0
2112.0,952.0,576.0,2.0,1969.0,6.0,206900.0
1630.0,1622.0,860.0,3.0,2008.0,8.0,295493.0
1352.0,1352.0,466.0,2.0,2006.0,7.0,208900.0
1787.0,1753.0,748.0,3.0,2001.0,8.0,275000.0
948.0,864.0,248.0,1.0,1954.0,4.0,111000.0
1478.0,1478.0,442.0,2.0,1957.0,6.0,156500.0
720.0,0.0,287.0,1.0,1949.0,3.0,72500.0
1923.0,750.0,564.0,2.0,1992.0,7.0,190000.0
708.0,420.0,0.0,0.0,1940.0,4.0,82500.0
1795.0,1795.0,895.0,3.0,2006.0,8.0,147000.0
796.0,796.0,0.0,0.0,1922.0,4.0,55000.0
774.0,544.0,0.0,0.0,1931.0,3.0,79000.0
816.0,816.0,264.0,1.0,1982.0,5.0,130500.0
2792.0,1510.0,520.0,2.0,1920.0,6.0,256000.0
1632.0,935.0,462.0,2.0,1998.0,7.0,176500.0
1588.0,1588.0,825.0,3.0,2006.0,8.0,227000.0
954.0,911.0,576.0,2.0,1976.0,5.0,132500.0
816.0,816.0,288.0,1.0,1938.0,4.0,100000.0
1360.0,803.0,297.0,1.0,1938.0,5.0,125500.0
1365.0,765.0,440.0,2.0,1970.0,5.0,125000.0
1334.0,1350.0,630.0,2.0,1977.0,6.0,167900.0
1656.0,1656.0,506.0,2.0,1973.0,5.0,135000.0
693.0,693.0,0.0,0.0,1941.0,4.0,52500.0
1861.0,916.0,492.0,2.0,2002.0,7.0,200000.0
864.0,864.0,288.0,1.0,1972.0,5.0,128500.0
872.0,858.0,480.0,4.0,1971.0,4.0,123000.0
1114.0,1114.0,576.0,2.0,2003.0,6.0,155000.0
2169.0,1284.0,647.0,2.0,2002.0,8.0,228500.0
1913.0,896.0,342.0,2.0,1928.0,6.0,177000.0
1456.0,728.0,440.0,2.0,2006.0,7.0,155835.0
960.0,960.0,308.0,1.0,1920.0,4.0,108500.0
2156.0,1568.0,508.0,2.0,1968.0,7.0,262500.0
1776.0,1732.0,712.0,3.0,2006.0,8.0,283463.0
1494.0,1482.0,514.0,2.0,1998.0,7.0,215000.0
2358.0,684.0,0.0,0.0,1872.0,8.0,122000.0
2634.0,1248.0,968.0,4.0,1969.0,5.0,200000.0
1716.0,858.0,490.0,2.0,1962.0,6.0,171000.0
1176.0,698.0,624.0,2.0,1937.0,6.0,134900.0
3238.0,2033.0,666.0,3.0,1995.0,8.0,410000.0
1865.0,992.0,839.0,3.0,2000.0,7.0,235000.0
1920.0,570.0,487.0,2.0,1968.0,7.0,170000.0
892.0,864.0,264.0,1.0,1966.0,5.0,110000.0
1078.0,1078.0,500.0,2.0,1971.0,5.0,149900.0
1573.0,756.0,440.0,2.0,2000.0,6.0,177500.0
1980.0,1980.0,770.0,3.0,2004.0,9.0,315000.0
2601.0,612.0,621.0,2.0,1921.0,5.0,189000.0
1530.0,1530.0,430.0,2.0,2005.0,7.0,260000.0
1738.0,715.0,368.0,1.0,1920.0,4.0,104900.0
1412.0,616.0,432.0,2.0,2006.0,6.0,156932.0
1200.0,600.0,480.0,2.0,2005.0,7.0,144152.0
1674.0,814.0,663.0,2.0,2000.0,7.0,216000.0
1790.0,873.0,588.0,2.0,1999.0,7.0,193000.0
1475.0,757.0,336.0,1.0,1977.0,5.0,127000.0
848.0,848.0,420.0,2.0,2003.0,6.0,144000.0
1668.0,1657.0,502.0,2.0,2003.0,8.0,232000.0
1374.0,840.0,338.0,1.0,1920.0,4.0,105000.0
1661.0,992.0,377.0,1.0,1955.0,6.0,165500.0
2097.0,1108.0,583.0,2.0,1998.0,7.0,274300.0
2633.0,2633.0,804.0,3.0,2001.0,10.0,466500.0
1958.0,1026.0,936.0,3.0,2005.0,7.0,250000.0
1571.0,1571.0,722.0,3.0,2007.0,8.0,239000.0
790.0,768.0,160.0,1.0,1930.0,6.0,91000.0
1604.0,984.0,660.0,2.0,1941.0,5.0,117000.0
987.0,483.0,264.0,1.0,1973.0,6.0,83000.0
1394.0,384.0,400.0,2.0,2006.0,5.0,167500.0
864.0,864.0,200.0,1.0,1914.0,3.0,58500.0
2117.0,1205.0,550.0,2.0,1970.0,6.0,237500.0
1762.0,596.0,576.0,2.0,1920.0,7.0,157000.0
1416.0,816.0,576.0,2.0,1918.0,5.0,112000.0
1258.0,560.0,280.0,1.0,1939.0,6.0,105000.0
1154.0,796.0,240.0,1.0,1922.0,4.0,125500.0
2784.0,1392.0,564.0,2.0,1978.0,7.0,250000.0
2526.0,714.0,216.0,1.0,1916.0,6.0,136000.0
1746.0,1746.0,758.0,3.0,2006.0,9.0,377500.0
1218.0,735.0,440.0,2.0,1941.0,6.0,131000.0
1525.0,1525.0,541.0,2.0,2000.0,7.0,235000.0
1584.0,1584.0,792.0,3.0,1967.0,5.0,124000.0
900.0,864.0,288.0,1.0,1967.0,5.0,123000.0
1912.0,482.0,672.0,2.0,1905.0,6.0,163000.0
1500.0,1356.0,648.0,3.0,2006.0,7.0,246578.0
2482.0,1094.0,642.0,3.0,2005.0,8.0,281213.0
1687.0,747.0,572.0,2.0,1948.0,5.0,160000.0
1513.0,939.0,180.0,1.0,1920.0,5.0,137500.0
1904.0,1208.0,240.0,1.0,1950.0,5.0,138000.0
1608.0,976.0,216.0,1.0,1925.0,6.0,137450.0
1158.0,862.0,208.0,1.0,1929.0,6.0,120000.0
1593.0,839.0,398.0,2.0,2004.0,6.0,193000.0
1294.0,1286.0,662.0,2.0,2006.0,7.0,193879.0
1464.0,1485.0,754.0,3.0,2007.0,8.0,282922.0
1214.0,672.0,936.0,3.0,1915.0,3.0,105000.0
1646.0,1594.0,482.0,2.0,2004.0,8.0,275000.0
768.0,768.0,396.0,2.0,1972.0,5.0,133000.0
833.0,833.0,0.0,0.0,1985.0,5.0,112000.0
1363.0,622.0,528.0,2.0,1910.0,4.0,125500.0
2093.0,791.0,542.0,2.0,1986.0,7.0,215000.0
1840.0,944.0,622.0,2.0,2001.0,7.0,230000.0
1668.0,856.0,271.0,1.0,1950.0,6.0,140000.0
1040.0,0.0,420.0,2.0,1949.0,4.0,90000.0
1844.0,1844.0,620.0,2.0,2005.0,8.0,257000.0
1848.0,833.0,370.0,2.0,1923.0,6.0,207000.0
1569.0,1386.0,660.0,3.0,2007.0,7.0,175900.0
2290.0,777.0,560.0,2.0,1885.0,4.0,122500.0
2450.0,1284.0,1069.0,3.0,1998.0,8.0,340000.0
1144.0,1144.0,336.0,1.0,1963.0,5.0,124000.0
1844.0,1844.0,540.0,2.0,1969.0,6.0,223000.0
1416.0,708.0,776.0,2.0,1968.0,6.0,179900.0
1069.0,1069.0,440.0,2.0,1977.0,6.0,127500.0
848.0,848.0,420.0,2.0,2003.0,6.0,136500.0
2201.0,697.0,432.0,2.0,1966.0,6.0,274970.0
1344.0,1024.0,484.0,1.0,1958.0,5.0,144000.0
1252.0,1252.0,528.0,2.0,1959.0,6.0,142000.0
2127.0,1223.0,525.0,2.0,1994.0,7.0,271000.0
1558.0,913.0,288.0,1.0,1945.0,5.0,140000.0
804.0,788.0,240.0,1.0,1940.0,5.0,119000.0
1440.0,1440.0,467.0,2.0,1981.0,6.0,182900.0
1838.0,732.0,372.0,2.0,2005.0,5.0,192140.0
958.0,958.0,440.0,2.0,1976.0,6.0,143750.0
968.0,656.0,216.0,1.0,1927.0,4.0,64500.0
1792.0,936.0,451.0,2.0,2000.0,6.0,186500.0
1126.0,1126.0,484.0,2.0,1977.0,5.0,160000.0
1537.0,1319.0,462.0,2.0,1962.0,6.0,174000.0
864.0,864.0,528.0,2.0,1971.0,4.0,120500.0
1932.0,1932.0,774.0,3.0,2008.0,8.0,394617.0
1236.0,912.0,923.0,2.0,1957.0,6.0,149700.0
1725.0,539.0,550.0,2.0,1979.0,7.0,197000.0
2555.0,588.0,672.0,2.0,1922.0,6.0,191000.0
848.0,848.0,420.0,2.0,2004.0,6.0,149300.0
2007.0,1017.0,812.0,3.0,2008.0,10.0,310000.0
952.0,952.0,192.0,1.0,1916.0,6.0,121000.0
1422.0,1422.0,626.0,2.0,2004.0,7.0,179600.0
913.0,814.0,240.0,1.0,1966.0,6.0,129000.0
1188.0,1188.0,312.0,1.0,1962.0,5.0,157900.0
2090.0,1220.0,556.0,2.0,1995.0,8.0,240000.0
1346.0,560.0,384.0,1.0,1910.0,4.0,112000.0
630.0,630.0,0.0,0.0,1970.0,5.0,92000.0
1792.0,896.0,0.0,0.0,1974.0,5.0,136000.0
1578.0,1573.0,840.0,3.0,2008.0,8.0,287090.0
1072.0,547.0,525.0,2.0,2005.0,5.0,145000.0
1140.0,1140.0,0.0,0.0,2006.0,5.0,84500.0
1221.0,1221.0,400.0,2.0,2004.0,7.0,185000.0
1647.0,953.0,460.0,2.0,1999.0,6.0,175000.0
2073.0,1542.0,500.0,2.0,1978.0,6.0,210000.0
2340.0,1152.0,252.0,1.0,1941.0,7.0,266500.0
1078.0,1078.0,240.0,1.0,1950.0,5.0,142125.0
1256.0,1256.0,276.0,1.0,1965.0,5.0,147500.0
